age,mean_size,sd_size,n
0,1.0048,0.1042,28927
1,1.0544,0.3923,15800
2,1.0982,0.5365,26930
3,1.1459,0.6996,16536
4,1.1908,0.8053,17247
5,1.2425,0.9471,18047
6,1.2906,1.0797,27770
7,1.3879,1.2776,18920
8,1.4241,1.402,24069
9,1.4974,1.5922,10806
10,1.5216,1.6488,5370
11,1.6117,1.9496,17890
12,1.8219,2.3337,14709
13,1.9174,2.4515,13527
14,1.7822,2.5633,17738
15,1.8684,3.0591,6786
16,2.2229,3.395,10167
17,2.1702,3.6107,5229
18,2.0947,3.3023,24611
19,2.4357,3.8672,10802
20,2.6096,4.7335,4939
21,2.4144,4.1861,2215
22,2.7614,6.1842,12054
23,2.9416,5.3338,5904
24,2.4467,5.2677,14100
25,3.0395,6.7196,12162
26,3.3824,8.2904,6133
27,3.5333,7.9778,4708
28,3.265,7.3912,14971
29,3.4182,8.8426,8730
30,3.4376,11.8233,4282
31,3.407,9.0577,14496
32,4.0324,14.8309,13756
33,3.4776,9.3288,15315
34,4.621,13.488,2343
35,3.8612,14.9335,13497
36,4.4292,15.4671,6363
37,4.1119,23.4769,18950
38,6.0787,29.9058,6654
39,6.2246,28.8522,2573
40,5.7592,26.3713,3550
41,5.3745,14.7296,4029
42,5.1331,25.4243,13275
43,4.9153,18.6605,5290
44,4.1941,15.3494,15275
45,7.5357,31.4783,7515
46,7.4019,53.7824,8825
47,5.1199,23.6757,12662
48,6.9473,42.7211,4176
49,6.1303,26.8123,15568
50,7.8504,33.645,1691
51,9.7062,59.9815,3499
52,7.7748,38.8724,4632
53,8.257,35.059,2342
54,11.2641,149.9656,6245
55,7.1843,51.1237,10774
56,10.2717,63.5633,2190
57,8.2991,55.6821,4005
58,7.0364,43.1089,15508
59,9.6512,79.5396,4644
60,6.4905,30.775,4049
61,7.2184,59.4528,8750
62,10.6647,76.5618,10048
63,9.865,75.0759,11559
64,12.5749,102.8237,3399
65,9.3173,97.1518,11838
66,12.5046,65.8548,2905
67,13.9766,119.4812,5050
68,11.0136,67.2121,4201
69,11.2625,93.1435,4404
70,13.8148,122.2764,8500
71,15.1836,206.6418,8348
72,13.0794,94.7542,3601
73,21.526,219.5192,3483
74,18.4225,345.5238,2963
75,19.3301,225.3896,4720
76,17.6415,204.922,4039
77,21.3559,352.1763,3737
78,67,1776.179,1730
79,16.4584,148.3013,4287
80,20.7357,239.4986,4960
81,11.079,132.824,8530
82,16.9482,129.1917,2376
83,18.5099,155.0883,2077
84,17.4012,262.8813,3659
85,23.236,215.1269,3402
86,18.6678,514.1153,6140
87,11.0968,66.3442,2293
88,12.9553,107.3129,3065
89,28.4118,272.9249,3434
90,24.8371,368.857,4370
91,16.31,273.63,10253
92,18.2422,138.7078,2473
93,15.6846,86.5057,1227
94,23.0175,287.3511,3248
95,17.6369,135.0813,1633
96,18.7558,166.5377,3874
97,18.6118,127.0588,3130
98,29.9647,486.5066,1047
99,20.8743,172.8854,3030
100,45.4473,896.0741,2191
101,23.5463,389.2649,2678
102,31.3798,430.1092,1069
103,18.4979,268.7172,6973
104,32.3932,647.1573,1058
105,26.6318,330.1586,1165
106,37.319,813.6462,3038
107,19.7002,213.9247,2508
108,22.4482,274.4215,3831
109,21.4351,189.031,947
110,14.434,223.0475,7767
111,30.7993,460.7205,2053
112,25.2304,265.7684,929
113,11.8481,214.501,16627
114,26.5854,259.0394,2610
115,17.4777,204.8836,3996
116,18.1614,213.5134,3599
117,17.4804,107.8688,1455
118,26.8107,408.342,4517
119,14.9719,125.1906,2242
120,17.3066,125.155,2231
121,22.5481,275.5881,3678
122,33.4053,555.8799,3570
123,8.7683,76.4968,5801
124,29.0568,332.4764,2746
125,29.2428,1224.3857,4959
126,21.9787,293.2171,3473
127,14.1561,105.8319,1448
128,21.8208,221.0006,3789
129,21.7691,281.3529,1412
130,21.8758,277.892,1932
131,19.2304,187.6546,2266
132,15.4379,215.0039,2784
133,50.7283,2100.4768,5790
134,15.8501,116.2332,1468
135,19.441,254.3277,2519
136,20.7273,208.0001,3751
137,18.2732,141.9756,1713
138,38.0431,813.7151,3527
139,27.1463,782.7132,4798
140,19.1888,147.6203,1488
141,59.8945,1661.0374,2143
142,19.0641,225.9728,468
143,34.8798,603.7969,2305
144,49.7801,1100.2547,2737
145,18.6667,174.8028,843
146,31.0521,561.4833,2651
147,13.534,111.512,1792
148,31.0773,443.6298,2045
149,22.6883,268.7741,940
150,18.8886,306.3714,2074
151,72.6046,2753.0361,2453
152,12.3136,95.0173,1977
153,118.7804,1503.4725,255
154,26.2272,232.9171,1074
155,64.2508,1008.1067,646
156,14.5598,152.5149,2851
157,23.9125,364.6463,1097
158,22.3901,202.9774,1351
159,19.9686,163.4428,1434
160,17.0689,240.7253,2089
161,25.8059,316.0177,2447
162,55.9359,1860.2054,1793
163,103.5884,2565.7579,911
164,8.9045,29.954,377
165,34.3627,756.1527,1905
166,8.1236,38.8887,631
167,23.0709,216.4262,522
168,8.5265,35.8412,2095
169,12.5238,83.6352,1321
170,11.2934,111.6201,4063
171,21.2343,387.7326,1306
172,16.3571,119.1287,1291
173,30.5754,419.3195,1505
174,14.473,149.6106,1793
175,22.6739,238.2444,1009
176,21.208,235.6323,1885
177,10.9011,83.3328,1770
178,10.6603,60.789,992
179,62.7018,2055.8611,1744
180,19.324,266.9955,895
181,19.7068,203.5453,931
182,13.525,168.6073,2044
183,16.0613,80.5611,767
184,9.7984000000000009,40.7875,853
185,9.8106,67.6197,697
186,16.7751,128.2027,667
187,25.0181,683.9664,4202
188,11.451,82.087,776
189,21.2096,226.981,1016
190,21.0128,248.6387,1408
191,60.3958,2144.6799,1799
192,13.5972,95.1738,710
193,9.497,37.2101,843
194,27.5115,439.0873,1177
195,9.0474,29.776,696
196,7.4031,31.6911,1027
197,16.2705,171.2802,880
198,10.2647,39.265,612
199,17.2119,157.7464,637
200,39.4908,438.4884,764
201,11.9324,68.8248,947
202,15.5978,131.8375,1079
203,28.8466,308.102,313
204,56.7385,1339.0933,761
205,11.3694,73.2372,720
206,7.5882,18.441,289
207,13.8023,89.7891,1138
208,13.195,172.8942,913
209,19.5806,153.3005,651
210,18.6146,249.6845,480
211,11.1547,44.3666,530
212,12.282,136.1856,1227
213,29.2928,254.5427,765
214,28.0463,355.4835,1231
215,74.3665,1890.7028,966
216,10.4224,56.8708,1816
217,13.5698,142.3758,537
218,10.4149,54.9187,388
219,15.791,141.9856,708
220,9.9661,51.9972,796
221,15.7756,208.1067,606
222,13.3219,68.8987,730
223,174.5974,4590.0544,862
224,10.2991,52.6352,535
225,10.7748,39.1943,808
226,39.2998,535.6949,567
227,10.5329,46.2915,820
228,8.348,38.2176,1000
229,6.614,26.2492,557
230,14.1815,127.2043,1278
231,6.9219,38.7903,832
232,12.2183,38.2574,197
233,10.6745,43.4084,467
234,8.3382,33.0469,680
235,22.2749,195.3145,724
236,13.1297,96.2633,185
237,15.7525,141.3345,602
238,26.9439,290.464,517
239,11.7854,103.4617,643
240,10.5881,44.68,437
241,16.2947,256.4663,1381
242,11.9903,86.1361,619
243,10.7862,238.7706,1880
244,4.7783,15.2727,212
245,51.7755,454.2347,196
246,8.1328,39.6178,512
247,12.9561,61.374,114
248,8.3059,66.8726,304
249,8.566,43.5321,523
250,21.5116,296.3402,258
251,88.332,1325.366,250
252,7.0603,27.7492,547
253,8.5521,43.4013,844
254,11.2602,89.5427,246
255,5.4221,24.0742,789
256,4.3571,13.3912,350
257,5.7265,17.8842,501
258,8.3236,32.2586,445
259,15.6594,91.0425,138
260,68.2768,908.8414,271
261,10.4663,73.1134,326
262,10.3235,60.125,476
263,7.9526,31.9413,359
264,9.9887,56.1301,531
265,34.8484,699.5378,620
266,11.0531,90.8715,621
267,5.2272,12.9907,383
268,28.601,297.3281,381
269,458.5625,4760.193,112
270,22.0896,286.7088,558
271,4.6476,15.4489,210
272,12.2768,107.4606,271
273,19.7506,228.5751,397
274,11.7816,90.9289,554
275,6.7085,23.593,247
276,7.4924,39.7071,394
277,24.6272,132.7883,169
278,8.0622,89.2859,1464
279,11.873,87.7086,370
280,6.5116,32.8411,86
281,4.5284,20.6483,352
282,9.0633,58.2811,474
283,5.2375,20.8776,240
284,204.7173,3491.4187,329
285,11.2779,98.7567,1414
286,7,32.9238,304
287,15.5781,96.7799,192
288,41.291,546.4694,299
289,36.031,365.039,387
290,8.9284,62.5889,475
291,5.9264,25.1296,326
292,5.4104,16.7005,441
293,6.6877,26.0726,269
294,10.0126,54.3067,159
295,6.7533,26.2463,227
296,8.8619,45.8033,268
297,9.8603,39.256100000000004,229
298,13.8385,61.5156,130
299,3.0636,8.0552,110
300,9.3407,49.5322,543
301,7.0963,22.385,135
302,6.5052,34.8616,194
303,18.9836,201.7133,304
304,18.3277,131.5631,235
305,11.816,61.8568,288
306,9.4434,45.9455,106
307,8.5844,119.9265,1932
308,5.5128,27.6415,273
309,6.6446,30.9524,166
310,7.2901,34.1059,293
311,10.0676,63.3879,355
312,7.4235,32.7742,392
313,5.932,15.1782,103
314,8.2935,26.8138,402
315,1.8182,2.2669,88
316,8.403,59.0782,201
317,6.0706,22.1325,255
318,14.1571,52.5921,70
319,8.0632,28.6767,190
320,197.9621,3380.6502,317
321,5.3719,19.0329,121
322,9.0126,88.6557,239
323,9.1491,27.8023,161
324,3.299,5.0563,97
325,10.2351,68.9412,655
326,41.5081,323.7056,124
327,7.487,43.7357,230
328,6.9822,26.4423,169
329,7.3313,27.4959,163
330,6.6377,44.4498,276
331,7.3692,44.0379,195
332,16.5947,96.3061,190
333,3.4709,10.7464,223
334,8.8015,121.1823,1325
335,7.2404,27.6816,183
336,10.1545,56.204,110
337,102.1681,1386.7976,232
338,11.2143,83.2555,154
339,5.6246,22.1816,285
340,8.3133,34.7847,150
341,4.2303,12.0866,152
342,12.4094,64.0041,127
343,47.0945,491.0905,201
344,25.7292,154.6347,288
345,6.8925,32.7378,279
346,14.4397,66.2282,307
347,2.9833,6.2504,60
348,4.9661,19.8885,118
349,3.8904,11.3033,73
350,5.2438,30.4608,160
351,7.2059,23.1582,204
352,9.8497,60.442,173
353,9.8443,31.2304,167
354,4.3459,14.4752,133
355,9.1667,39.5587,150
356,3.9794,12.4524,97
357,9.0579,27.8224,121
358,3.7333,8.4196,180
359,9.7701,35.841,87
360,10.3944,54.555,213
361,5.0044,23.7294,227
362,80.9808,775.0147,104
363,21.8788,165.1395,99
364,10.3975,144.817,551
365,3.8261,10.4449,184
366,200.6066,1729.2101,183
367,5.3485,14.8879,132
368,2.2909,4.9877,55
369,6.9527,25.2214,275
370,10.9074,57.7003,162
371,4.8783,13.5822,115
372,4.6752,24.6092,234
373,34.4839,221.4771,62
374,11.3492,36.4539,126
375,14.2927,64.3812,164
376,30.5812,294.0357,117
377,6.7778,37.6586,171
378,2.6429,8.6924,84
379,8.4375,35.9368,144
380,6.4486,34.93,321
381,17.8485,116.4737,66
382,4.2826,14.484,92
383,5.5118,19.3502,170
384,3.2977,7.2012,131
385,34.9505,204.1482,101
386,3.0745,9.4973,94
387,6.994,42.4692,166
388,6.1786,28.2024,112
389,14.907,75.6739,86
390,3.8026,14.8226,233
391,11.1818,39.0703,55
392,6.8504,42.1222,361
393,7.1907,24.5173,194
394,46.1471,448.7859,204
395,7.1273,26.7976,110
396,30.3729,280.2416,118
397,11.0938,55.8824,96
398,15.9825,97.1795,229
399,3.9828,21.0319,174
400,13.5934,146.7431,610
401,4.994,14.7695,168
402,19.2105,124.7666,114
403,2.8764,8.6679,89
404,11.2914,88.2535,175
405,1.2308,1.1818,52
406,2.8211,8.2242,95
407,14.6078,91.4109,102
408,1.9882,5.2949,85
409,3.2976,9.1859,84
410,13.5132,58.931,76
411,22.9429,203.3876,105
412,22.4583,132.0386,120
413,7.819,42.82,105
414,2.3182,5.7436,22
415,3.0423,9.5176,71
416,19.6481,200.0492,216
417,1.9167,5.6012,72
418,17.4348,132.0786,92
419,8.1549,51.5513,71
420,2.8525,5.0723,61
421,27.4444,210.7289,126
422,38.6143,376.9203,140
423,3.0444,8.2873,45
424,7.283,26.3609,53
425,47.8261,283.9585,46
426,3.2857,6.7597,28
427,10.2165,38.4424,97
428,7.177,26.3897,113
429,6.9556,19.9724,90
430,2.6923,9.4722,78
431,52.1935,234.8427,93
432,3.5393,9.5156,89
433,2.8082,6.5206,73
434,8.2634,62.4199,186
435,9.8952,46.4186,105
436,1.2222,0.9428,18
437,2,2.838,38
438,2.4824,12.671,483
439,3.8537,11.3715,82
440,2.6441,7.4989,59
441,20.2083,135.1095,96
442,9.8736,68.274,87
443,3.6218,9.3337,119
444,4.5276,15.9247,163
445,7.6735,61.0267,147
446,15.6279,78.4166,172
447,5.2667,27.4305,120
448,14.1795,146.854,156
449,4.4595,9.3767,37
450,6.1518,39.039,112
451,4.5402,15.0625,87
452,5.9811,18.8811,106
453,20.3394,157.0213,109
454,7.1181,43.9147,127
455,5.0989,22.3219,91
456,36.4025,456.317,241
457,1.85,4.1368,60
458,15.4962,101.7451,133
459,1.6,1.818,20
460,2.1235,8.1001,162
461,3.3529,6.6598,51
462,56.5402,308.9262,87
463,2.38,4.1052,50
464,11.6091,93.8079,110
465,26.8788,208.2424,66
466,2.6667,5.0791,57
467,1.2857,1.3628,35
468,14.2441,81.4831,127
469,7.0792,30.503,101
470,1.0263,0.1622,38
471,2.08,5.4,25
472,23.5294,149.6196,51
473,4.5214,16.9185,140
474,1.8617,4.0814,94
475,1.4894,2.1046,47
476,1.2388,1.0164,67
477,28.0984,198.2648,61
478,1.8478,2.5558,46
479,3.3385,10.484,65
480,1.6228,3.2707,114
481,2.6809,4.9699,47
482,5.1508,21.3366,126
483,11.3529,58.1807,51
484,4.0278,13.1038,108
485,1.5556,3.6737,459
486,1.2632,1.3956,114
487,5.9359,31.249,78
488,2.25,8.0213,80
489,9.0769,68.3392,91
490,7.4219,31.8901,64
491,3.0709,11.8549,141
492,1,0,18
493,3.9333,10.9095,45
494,2.4,5.1496,45
495,12.6885,88.0535,61
496,4.7051,24.6614,78
497,8,34.504,104
498,43.5,306.226,68
499,2.4407,11.0661,59
500,1.5758,3.6419,66
501,1.0714,0.359,98
502,3.3218,17.0202,87
503,1.7097,2.4385,31
504,14.6875,85.8949,64
505,2.2063,8.3341,63
506,2.4921,10.2263,63
507,3.2708,12.7459,48
508,3.34,10.532,50
509,11.02,83.5439,100
510,1.225,1.2707,40
511,20.9474,85.0264,19
512,1,0,36
513,2.3214,12.0126,168
514,1.36,1.4399,25
515,2.4474,6.4008,76
516,1.7857,1.5281,14
517,1.381,3.3828,84
518,3.7917,18.3233,48
519,1.7419,3.3629,62
520,2.1277,7.4879,141
521,1.2667,2.0656,60
522,2.1571,5.5837,70
523,1.5294,2.6984,102
524,1.0946,0.5278,74
525,2.4762,6.5393,21
526,1.3898,2.1996000000000002,118
527,1.7922,3.5368,77
528,3.4902,15.4847,51
529,2.383,5.4794,47
530,6.6667,19.6635,48
531,1.3333,2.1668,48
532,1.2273,0.8691,22
533,1.5217,3.5386,46
534,1.4286,2.9111,63
535,1.6667,2.3094,12
536,5.7573,87.4829,379
537,4.0429,19.4604,70
538,3.9841,14.8948,63
539,1.8947,5.3514,38
540,2.7792,11.5731,77
541,30.1412,260.1374,85
542,1.0149,0.1222,67
543,4.7451,34.6058,102
544,74.6774,571.6494,62
545,8.9825,57.0612,57
546,2.234,6.5116,47
547,4.1682,19.2302,107
548,1.0294,0.2425,68
549,52.9828,351.1021,58
550,2.4808,6.4731,52
551,1.0465,0.305,43
552,2.0588,6.1739,34
553,1,0,46
554,9.2239,63.2481,67
555,1,0,7
556,4.5543,30.8888,92
557,1.0541,0.3288,37
558,2.2381,6.4074,63
559,1.375,2.5663,144
560,1.5517,1.7026,29
561,1.9778,6.2613,45
562,1,0,23
563,1.1724,1.3131,58
564,1.1724,0.7592,29
565,4.3488,14.6432,43
566,1.5854,2.7016,41
567,1.0787,0.4579,89
568,19.72,93.6,25
569,2.3625,12.1866,80
570,4.75,14.6548,36
571,1.52,2.214,75
572,14.5593,103.491,59
573,1.1455,0.6212,55
574,1.3704,1.9245,27
575,1.4286,2.6958,56
576,1.1957,2.1539,184
577,1.7,2.6929,30
578,1,0,37
579,2.1,6.4799,40
580,11.1042,66.0819,48
581,4.9355,19.2301,31
582,1.2692,1.1735,52
583,1.0938,0.6354,64
584,1,0,16
585,1,0,31
586,1.2542,1.7079,59
587,1.3182,2.1106,44
588,1.2985,2.1035,67
589,1.0469,0.2777,64
590,1.0432,0.3408,162
591,2.0345,6.3411,58
592,1.0833,0.5774,48
593,1.0698,0.3377,43
594,1.0667,0.2523,45
595,1.1579,0.8229,38
596,1.3784,1.8311,37
597,1.0333,0.1826,30
598,2.4146,5.9371,41
599,1.7179,3.859,39
600,1.78,4.2248,50
601,1.2632,1.2178,57
602,1,0,12
603,6.3514,29.7426,37
604,1.8,3.348,45
605,1.0469,0.2777,64
606,1.2857,1.069,14
607,1,0,45
608,2.125,8.6235,64
609,1.125,0.648,40
610,1.2727,1.5667,33
611,1.2222,1.0636,45
612,6.6667,35.2243,39
613,1,0,17
614,1.5463,3.5319,108
615,1.5128,1.8191,39
616,2.1304,4.2458,46
617,1,0,12
618,11.0833,34.9297,12
619,1.7143,3.5886,28
620,1.0417,0.2887,48
621,3.119,10.9371,42
622,1.6792,3.8017,53
623,1.1818,0.9219,44
624,1.56,2.8,25
625,3,8.5147,37
626,1.0517,0.3939,58
627,2.0185,6.3558,54
628,2.0476,3.8252,42
629,2.859,9.4439,78
630,1.1429,0.7559,28
631,8.0385,35.6858,26
632,1.4839,2.5008,62
633,1.6545,2.5329,55
634,1.7143,4.0258,63
635,1.1129,0.889,62
636,1,0,28
637,1.8462,3.4374,26
638,1.0217,0.1474,46
639,2.619,8.507,63
640,1,0,59
641,1.0588,0.2425,17
642,1.0312,0.1768,32
643,1,0,146
644,1.3214,2.9459,84
645,1.1746,1.3859,63
646,1,0,25
647,1.0476,0.3086,42
648,1,0,49
649,1.2308,0.7104,26
650,1,0,10
651,1,0,29
652,1.7727,3.4077,22
653,1.1132,0.8242,53
654,2.9737,11.6723,38
655,1.3469,2.4286,49
656,1,0,9
657,1,0,15
658,1.2439,2.054,123
659,1,0,51
660,2.375,4.851,32
661,1,0,21
662,1.1579,0.8407,57
663,6.4615,22.76,26
664,1.0833,0.5,36
665,5.5128,28.0187,39
666,1,0,28
667,1,0,27
668,12.2162,68.2256,37
669,1,0,18
670,1,0,45
671,1,0,14
672,1.5,2.5303,42
673,1,0,38
674,1,0,27
675,1.0417,0.2019,48
676,1.75,4.3318,36
677,1,0,14
678,1.1111,0.5774,27
679,1.3269,2.3575,52
680,1,0,14
681,1,0,21
682,1.1111,0.4714,18
683,1.619,2.8368,21
684,1,0,29
685,1.2424,1.3926,33
686,1,0,35
687,1,0,48
688,1,0,66
689,1.1724,0.9285,29
690,1,0,35
691,1,0,38
692,1.0794,0.4509,63
693,1.2449,1.7143,49
694,1.3902,2.2009,41
695,1,0,25
696,1.3333,1.5275,21
697,1.1558,1.3675,77
698,1,0,15
699,1,0,39
700,1,0,26
701,1,0,32
702,7.5652,31.4857,23
703,1.4167,2.5,36
704,1,0,42
705,1,0,35
706,2.9667,7.636,30
707,1,0,22
708,3.1905,5.8704,21
709,1,0,7
710,1,0,17
711,2.5385,9.6077,39
712,1,0,36
713,1,0,31
714,1.2381,1.0911,21
715,1.2292,1.4475,48
716,1,0,23
717,1,0,30
718,1,0,48
719,4.2353,18.8648,34
720,1,0,9
721,1,0,42
722,1,0,20
723,1.1538,0.9608,39
724,1,0,30
725,1,0,26
726,1,0,8
727,5.1714,24.6785,35
728,1.463,3.2663,54
729,1,0,19
730,1,0,148
731,1,0,21
732,1.0526,0.2294,19
733,4.375,20.3944,40
734,1,0,15
735,1,0,21
736,27.6,157.3677,35
737,2.7778,10.6385,45
738,1,0,23
739,1,0,12
740,10.3333,22.0681,9
741,1,0,16
742,1.4231,2.1573,26
743,1.4286,2.5355,35
744,1,0,23
745,1,0,43
746,1,0,35
747,1,0,7
748,1,0,10
749,1,0,51
750,3.2105,9.6355,19
751,1,0,29
752,1,0,14
753,1.125,0.7071,32
754,1,0,32
755,1.2105,0.9177,19
756,1.45,2.0125,20
757,1,0,21
758,1.1053,0.5088,38
759,1,0,20
760,1,0,25
761,1.0233,0.1525,43
762,1,0,13
763,1.0333,0.1826,30
764,1,0,23
765,1,0,27
766,1,0,14
767,10.0526,55.8042,38
768,1,0,7
769,1,0,5
770,51.95,322.2361,40
771,1.1481,0.7698,27
772,1,0,32
773,1,0,25
774,1,0,37
775,1.0217,0.1474,46
776,1,0,18
777,1,0,15
778,1,0,36
779,1,0,46
780,1,0,9
781,1,0,30
782,1,0,25
783,1,0,24
784,1,0,15
785,1.0526,0.2294,19
786,1,0,11
787,1.0323,0.1796,31
788,1,0,24
789,1,0,24
790,1,0,27
791,1,0,21
792,1,0,19
793,1,0,24
794,1,0,15
795,1.6279,4.1175,43
796,1,0,22
797,1,0,68
798,1.0278,0.1667,36
799,1.0278,0.1667,36
800,1,0,10
801,1,0,37
802,1.0526,0.2263,38
803,1,0,18
804,1.0769,0.2774,13
805,1,0,21
806,1,0,13
807,1,0,19
808,1,0,16
809,1.0455,0.2132,22
810,1.0606,0.3482,33
811,1,0,31
812,1,0,26
813,1,0,22
814,1,0,25
815,1,0,23
816,1,0,13
817,1,0,14
818,1,0,8
819,1,0,20
820,1,0,33
821,1,0,14
822,1,0,29
823,1,0,10
824,1,0,24
825,1,0,12
826,1,0,16
827,1.04,0.2,25
828,1,0,20
829,1,0,26
830,1,0,31
831,1,0,21
832,1,0,25
833,1,0,35
834,1,0,12
835,1,0,37
836,1,0,13
837,1,0,8
838,1,0,31
839,1,0,17
840,1,0,10
841,1,0,30
842,1.0556,0.2357,18
843,1,0,41
844,1,0,28
845,1,0,6
846,1,0,32
847,1,0,30
848,1,0,15
849,1,0,20
850,1,0,10
851,1,0,20
852,1,0,34
853,1,0,28
854,1,0,14
855,1,0,17
856,1,0,9
857,1,0,16
858,1,0,39
859,1,0,18
860,1.0455,0.2132,22
861,1,0,20
862,1,0,24
863,1,0,17
864,1,0,29
865,1,0,8
866,1,0,3
867,2.45,6.4846,20
868,1.0417,0.2041,24
869,1,0,21
870,1.375,1.8371,24
871,1.05,0.2236,20
872,1,0,18
873,1,0,19
874,1,0,47
875,1,0,20
876,1,0,8
877,1,0,17
878,1.0345,0.1857,29
879,1,0,19
880,1,0,18
881,1,0,4
882,1,0,15
883,1,0,12
884,1,0,10
885,3.6,10.0698,15
886,1,0,79
887,1,0,28
888,1,0,17
889,1,0,25
890,1,0,22
891,1,0,26
892,1,0,14
893,1,0,12
894,1.0667,0.2582,15
895,1,0,24
896,1,0,21
897,1.037,0.1925,27
898,1,0,17
899,1,0,10
900,1,0,31
901,1,0,71
902,1,0,40
903,1,0,13
904,1,0,27
905,1,0,9
906,156.6667,660.4377,18
907,1,0,26
908,1,0,14
909,1,0,14
910,1,0,6
911,1,0,26
912,1,0,27
913,1,0,14
914,1,0,26
915,1,0,108
916,1,0,12
917,1,0,15
918,1,0,25
919,1.0435,0.2085,23
920,1,0,22
921,1,0,21
922,1,0,15
923,1,0,22
924,1,0,39
925,1,0,16
926,1,0,29
927,1,0,23
928,1,0,18
929,1,0,36
930,1,0,16
931,1,0,55
932,1,0,24
933,1,0,19
934,1,0,55
935,1,0,12
936,1,0,26
937,1.1,0.3162,10
938,1,0,6
939,1,0,14
940,1,0,14
941,1,0,31
942,1,0,15
943,1,0,20
944,1,0,15
945,1,0,19
946,1,0,17
947,1,0,6
948,1,0,19
949,1,0,19
950,1.037,0.1925,27
951,1,0,15
952,1,0,22
953,1,0,58
954,1,0,25
955,1,0,1
956,1,0,35
957,1,0,13
958,1,0,14
959,1,0,11
960,1,0,20
961,1,0,4
962,1,0,24
963,1,0,16
964,1,0,18
965,1,0,19
966,1,0,21
967,1,0,13
968,1,0,18
969,1,0,21
970,1,0,44
971,1,0,22
972,10.4545,31.3572,11
973,1,0,55
974,1,0,15
975,1,0,11
976,1,0,17
977,1,0,14
978,1,0,16
979,1.0417,0.2041,24
980,1,0,17
981,1,0,24
982,1,0,15
983,1,0,3
984,1,0,14
985,1,0,24
986,1,0,12
987,1,0,17
988,1,0,16
989,1,0,54
990,1,0,7
991,1,0,12
992,1,0,21
993,1,0,21
994,1,0,8
995,1,0,13
996,1,0,11
997,1,0,13
998,1,0,15
999,1,0,7
1000,1,0,23
1001,1,0,19
1002,1,0,14
1003,1,0,6
1004,1,0,4
1005,1,0,8
1006,1,0,11
1007,1,0,9
1008,1,0,22
1009,1,0,16
1010,1,0,21
1011,1,0,18
1012,1,0,22
1013,1,0,19
1014,1,0,11
1015,1,0,21
1016,1,0,17
1017,1,0,8
1018,1,0,24
1019,1,0,10
1020,1,0,12
1021,1,0,7
1022,1,0,27
1023,1,0,12
1024,1,0,6
1025,1.0667,0.2582,15
1026,1,0,13
1027,1,0,5
1028,1,0,20
1029,1,0,18
1030,1,0,14
1031,1,0,18
1032,1,0,15
1033,1,0,4
1034,1,0,14
1035,1,0,12
1036,1,0,8
1037,1,0,8
1038,1,0,14
1039,1,0,63
1040,1,0,8
1041,1,0,1
1042,1,0,10
1043,1,0,13
1044,1,0,4
1045,1,0,5
1046,1,0,11
1047,1,0,10
1048,1,0,11
1049,1,0,13
1050,1,0,12
1051,1,0,15
1052,1,0,15
1053,1,0,8
1054,1,0,4
1055,1,0,13
1056,1,0,18
1057,1,0,10
1058,1,0,6
1059,1,0,14
1060,1,0,34
1061,1,0,19
1062,1,0,20
1063,1,0,20
1064,1,0,11
1065,1,0,16
1066,1,0,10
1067,1,0,29
1068,1,0,7
1069,1,0,5
1070,1,0,20
1071,1,0,17
1072,1,0,16
1073,1,0,9
1074,1,0,9
1075,1,0,10
1076,1,0,17
1077,1,0,15
1078,1,0,12
1079,1,0,10
1080,1,0,21
1081,1,0,17
1082,1,0,12
1083,1,0,24
1084,1,0,15
1085,1,0,15
1086,1,0,8
1087,1,0,23
1088,1,0,24
1089,1,0,4
1090,1,0,9
1091,1,0,6
1092,1,0,19
1093,1,0,8
1094,1,0,13
1095,1,0,10
1096,1,0,20
1097,1,0,6
1098,1,0,24
1099,1,0,9
1100,1,0,17
1101,1,0,8
1102,1,0,12
1103,1,0,11
1104,1,0,10
1105,1,0,12
1106,1,0,12
1107,1,0,14
1108,1.0455,0.2132,22
1109,1,0,13
1110,1,0,8
1111,1,0,10
1112,1,0,25
1113,1,0,16
1114,1,0,3
1115,1,0,14
1116,1,0,17
1117,1,0,5
1118,1,0,12
1119,1,0,1
1120,1,0,10
1121,1,0,16
1122,1,0,16
1123,1,0,12
1124,1,0,19
1125,1,0,5
1126,1,0,7
1127,1,0,16
1128,1,0,2
1129,1,0,13
1130,1,0,5
1131,1,0,8
1132,1,0,10
1133,1,0,6
1134,1,0,14
1135,1,0,14
1136,1,0,15
1137,1,0,7
1138,1,0,17
1139,1,0,14
1140,1,0,7
1141,1,0,7
1142,1,0,7
1143,1,0,12
1144,1,0,38
1145,1,0,9
1146,1,0,13
1147,1,0,6
1148,1,0,10
1149,1.0769,0.2774,13
1150,1,0,8
1151,1,0,4
1152,1,0,9
1153,1,0,8
1154,1,0,11
1155,1,0,16
1156,1,0,16
1157,1,0,15
1158,1,0,22
1159,1,0,7
1160,1,0,8
1161,1,0,7
1162,1,0,14
1163,1,0,2
1164,1,0,38
1165,1,0,14
1166,1,0,29
1167,1,0,11
1168,1,0,7
1169,1,0,5
1170,1,0,12
1171,1,0,22
1172,1,0,10
1173,1,0,14
1174,1,0,11
1175,1,0,4
1176,1,0,9
1177,1,0,8
1178,1,0,11
1179,1,0,15
1180,1,0,9
1181,1,0,6
1182,1,0,16
1183,1,0,6
1184,1,0,5
1185,1,0,5
1186,1,0,7
1187,1,0,10
1188,1,0,7
1189,1,0,5
1190,1,0,7
1191,1,0,15
1192,1,0,12
1193,1,0,8
1194,1,0,8
1195,1,0,11
1196,1,0,1
1197,1,0,9
1198,1,0,20
1199,1,0,11
1200,1,0,12
1201,1,0,13
1202,1,0,10
1203,1,0,6
1204,1,0,9
1205,1,0,10
1206,1,0,5
1207,1,0,10
1208,1,0,6
1209,1,0,4
1210,1.2,0.4472,5
1211,1,0,6
1212,1,0,7
1213,1,0,13
1214,1,0,15
1215,1,0,6
1216,1,0,8
1217,1,0,19
1218,1,0,8
1219,1,0,6
1220,1,0,11
1221,1,0,16
1222,1,0,2
1223,1,0,8
1224,1,0,6
1225,1.0526,0.2294,19
1226,1,0,22
1227,1,0,25
1228,1,0,19
1229,1,0,3
1230,1,0,11
1231,1,0,10
1232,1,0,12
1233,1,0,5
1234,1,0,2
1235,1.1111,0.3333,9
1236,1,0,12
1237,1,0,10
1238,1,0,20
1239,1,0,5
1240,1,0,12
1241,1,0,20
1242,1,0,11
1243,1,0,10
1244,1,0,19
1245,1,0,7
1246,1,0,8
1247,1,0,13
1248,1,0,15
1249,1,0,7
1250,1,0,4
1251,1,0,10
1252,1,0,3
1253,1,0,11
1254,1,0,13
1255,1,0,5
1256,1,0,9
1257,1,0,4
1258,1,0,9
1259,1,0,16
1260,1,0,13
1261,1,0,8
1262,1,0,9
1263,1,0,5
1264,1.1429,0.378,7
1265,1,0,7
1266,1,0,11
1267,1,0,9
1268,1,0,8
1269,1,0,8
1270,1,0,5
1271,1,0,3
1272,1,0,2
1273,1,0,9
1274,1,0,7
1275,1,0,9
1276,1,0,7
1277,1,0,12
1278,1,0,13
1279,1,0,6
1280,1,0,2
1281,1,0,4
1282,1,0,9
1283,1,0,7
1284,1,0,8
1285,1,0,8
1286,1,0,9
1287,1.0769,0.2774,13
1288,1,0,14
1289,1,0,17
1290,1,0,24
1291,1,0,7
1292,1,0,7
1293,1,0,4
1294,1,0,4
1295,1,0,12
1296,1,0,6
1297,1,0,4
1298,1,0,5
1299,1,0,4
1300,1,0,5
1301,1,0,19
1302,1,0,6
1303,1,0,2
1304,1,0,8
1305,1,0,11
1306,1,0,6
1307,1,0,14
1308,1,0,4
1309,1,0,9
1310,1,0,6
1311,1,0,7
1312,1,0,9
1313,1,0,7
1314,1,0,10
1315,1,0,5
1316,1,0,9
1317,1,0,9
1318,1,0,6
1319,1,0,10
1320,1,0,12
1321,1,0,15
1322,1,0,15
1323,1,0,10
1324,1,0,6
1325,1,0,14
1326,1,0,6
1327,1,0,4
1328,1,0,8
1329,1,0,7
1330,1,0,3
1331,1,0,12
1332,1,0,3
1333,1,0,11
1334,1,0,7
1335,1,0,8
1336,1,0,4
1337,1,0,6
1338,1,0,3
1339,1,0,15
1340,1,0,7
1341,1,0,4
1342,1,0,3
1343,1,0,8
1344,1,0,2
1345,1,0,7
1346,1,0,5
1347,1,0,3
1348,1,0,14
1349,1,0,12
1350,1,0,5
1351,1,0,9
1352,1,0,9
1353,1,0,12
1354,1,0,5
1355,1,0,15
1356,1,0,6
1357,1,0,4
1358,1,0,5
1359,1,0,10
1360,1,0,5
1361,1,0,2
1362,1,0,5
1363,1,0,7
1364,1.1538,0.5547,13
1365,1,0,4
1366,1,0,9
1367,1,0,20
1368,1,0,6
1369,1.1667,0.4082,6
1370,1,0,8
1371,1,0,9
1372,1,0,5
1373,1,0,11
1374,1,0,9
1375,1,0,10
1376,1,0,8
1377,1,0,4
1378,1,0,3
1379,1,0,8
1380,1,0,10
1381,1,0,6
1382,1,0,10
1383,1,0,15
1384,1,0,1
1385,1,0,14
1386,1,0,6
1387,1,0,9
1388,1,0,7
1389,1,0,9
1390,1,0,15
1391,1,0,3
1392,1,0,4
1393,1,0,3
1394,1,0,3
1395,1,0,5
1396,1,0,2
1397,1,0,8
1398,1,0,7
1399,1,0,6
1400,1,0,13
1401,1,0,6
1402,1,0,4
1403,1,0,8
1404,1,0,9
1405,1,0,3
1406,1,0,8
1407,1,0,24
1408,1,0,7
1409,1,0,4
1410,1,0,4
1411,1,0,6
1412,1,0,6
1413,1,0,8
1414,1,0,3
1415,1,0,7
1416,1,0,5
1417,1,0,6
1418,1,0,4
1419,1,0,5
1420,1,0,9
1421,1,0,3
1422,1,0,2
1423,1,0,8
1424,1,0,9
1425,1,0,5
1426,1,0,6
1427,1,0,12
1428,1,0,6
1429,1,0,3
1430,1,0,5
1431,1,0,4
1432,1,0,9
1433,1,0,7
1434,1,0,3
1435,1,0,16
1436,1,0,4
1437,1,0,8
1438,1,0,7
1439,1,0,5
1440,1,0,5
1441,1,0,11
1442,1,0,3
1443,1,0,5
1444,1,0,7
1445,1,0,8
1446,1,0,5
1447,1,0,8
1448,1,0,6
1449,1,0,10
1450,1,0,10
1451,1,0,4
1452,1,0,3
1453,1,0,14
1454,1,0,7
1455,1,0,5
1456,1,0,6
1457,1,0,9
1458,1,0,4
1459,1,0,5
1460,1,0,3
1461,1,0,12
1462,1,0,7
1463,1,0,8
1464,1,0,8
1465,1,0,4
1466,1,0,1
1467,1,0,2
1468,1,0,3
1469,1,0,5
1470,1,0,11
1471,1,0,5
1472,1,0,5
1473,1,0,3
1474,1,0,5
1475,1,0,8
1476,1,0,13
1477,1,0,7
1478,1,0,2
1479,1,0,5
1480,1,0,4
1481,1,0,6
1482,1,0,6
1483,1,0,2
1484,1,0,6
1485,1,0,4
1486,1,0,5
1487,1,0,8
1488,1,0,19
1489,1,0,7
1490,1,0,7
1491,1,0,11
1492,1,0,11
1493,1,0,7
1494,1,0,2
1495,1,0,4
1496,1,0,5
1497,1,0,6
1498,1,0,17
1499,1,0,5
1500,1,0,7
1501,1,0,6
1502,1,0,4
1503,1,0,4
1504,1,0,6
1505,1,0,3
1506,1,0,7
1507,1,0,5
1508,1,0,6
1509,1,0,6
1510,1,0,10
1511,1,0,7
1512,1.2,0.4472,5
1513,1,0,7
1514,1,0,3
1515,1,0,4
1516,1,0,11
1517,1,0,9
1518,1,0,7
1519,1,0,9
1520,1,0,2
1521,1,0,1
1522,1,0,2
1523,1,0,6
1524,1,0,6
1525,1,0,6
1526,1,0,8
1527,1,0,6
1528,1,0,10
1529,1,0,7
1530,1,0,11
1531,1,0,7
1532,1,0,5
1533,1,0,5
1534,1,0,8
1535,1,0,1
1536,1,0,6
1537,1,0,11
1538,1,0,3
1539,1,0,7
1540,1,0,2
1541,1,0,5
1542,1,0,4
1543,1,0,6
1544,1,0,3
1545,1,0,6
1546,1,0,4
1547,1,0,6
1548,1,0,8
1549,1,0,7
1550,1,0,7
1551,1,0,1
1553,1,0,7
1554,1,0,4
1555,1,0,5
1556,1,0,6
1557,1,0,7
1558,1,0,2
1559,1,0,4
1560,1,0,4
1561,1,0,2
1562,1,0,6
1563,1,0,3
1564,1,0,10
1565,1,0,2
1566,1,0,7
1567,1,0,6
1568,1,0,4
1569,1,0,6
1570,1,0,3
1571,1,0,5
1572,1,0,6
1573,1,0,7
1575,1,0,1
1576,1,0,13
1577,1,0,7
1578,1,0,5
1579,1,0,2
1580,1,0,6
1581,1,0,2
1582,1,0,7
1583,1,0,3
1584,1,0,9
1585,1,0,12
1586,1,0,4
1587,1,0,7
1588,1,0,11
1589,1,0,14
1590,1,0,10
1591,1,0,9
1592,1,0,9
1593,1,0,3
1594,1,0,1
1595,1,0,3
1596,1,0,7
1597,1,0,6
1598,1,0,1
1599,1,0,6
1600,1,0,4
1601,1,0,6
1602,1,0,6
1603,1,0,4
1604,1,0,2
1605,1,0,5
1606,1,0,3
1607,1,0,1
1608,1,0,7
1609,1,0,4
1610,1,0,10
1611,1,0,4
1612,1,0,1
1613,1.0909,0.3015,11
1614,1,0,6
1615,1,0,3
1616,1,0,2
1617,1,0,4
1618,1,0,1
1619,1,0,5
1620,1,0,5
1621,1,0,4
1622,1,0,6
1623,1,0,9
1624,1,0,8
1625,1,0,2
1626,1,0,1
1627,1,0,5
1628,1,0,6
1629,1,0,1
1630,1,0,10
1631,1,0,5
1632,1,0,3
1633,1,0,5
1634,1,0,9
1635,1,0,6
1636,1,0,7
1637,1,0,3
1638,1,0,1
1639,1,0,8
1640,1,0,6
1641,1,0,5
1642,1,0,5
1643,1,0,4
1644,1,0,2
1645,1,0,5
1646,1,0,3
1647,1,0,1
1648,1,0,4
1649,1,0,4
1650,1,0,3
1651,1,0,11
1652,1,0,7
1653,1,0,13
1654,1,0,3
1655,1,0,7
1656,1,0,1
1657,1,0,2
1658,1,0,5
1659,1,0,2
1660,1,0,2
1661,1,0,4
1662,1,0,2
1663,1,0,5
1664,1,0,5
1665,1,0,10
1666,1,0,5
1667,1,0,6
1668,1,0,10
1669,1,0,4
1670,1,0,4
1671,1,0,8
1672,1,0,7
1673,1,0,1
1674,1,0,1
1675,1,0,3
1676,1,0,10
1677,1,0,1
1678,1,0,3
1680,1,0,4
1681,1,0,6
1682,1,0,7
1683,1,0,6
1684,1,0,4
1685,1,0,6
1686,1,0,5
1687,1,0,7
1688,1,0,9
1689,1,0,6
1690,1,0,8
1691,1,0,1
1692,1,0,3
1694,1,0,3
1695,1,0,2
1696,1,0,4
1697,1,0,13
1698,1,0,12
1699,1,0,2
1700,1,0,6
1701,1,0,5
1702,1,0,7
1703,1,0,4
1704,1,0,2
1705,1,0,5
1706,1,0,5
1707,1,0,7
1708,1,0,5
1709,1,0,6
1710,1,0,2
1711,1,0,8
1712,1,0,8
1713,1,0,3
1714,1,0,2
1715,1,0,6
1716,1,0,7
1717,1,0,6
1718,1,0,4
1719,1,0,5
1720,1,0,9
1721,1,0,2
1722,1,0,4
1723,1,0,6
1724,1,0,3
1725,1,0,6
1726,1,0,6
1727,1,0,2
1728,1,0,1
1729,1,0,4
1730,1,0,5
1731,1,0,8
1732,1,0,4
1733,1.25,0.7071,8
1734,1,0,3
1735,1,0,2
1736,1,0,1
1737,1,0,4
1738,1,0,2
1739,1,0,7
1740,1,0,2
1741,1,0,2
1742,1,0,15
1743,1,0,3
1744,1,0,5
1745,1,0,5
1746,1,0,4
1747,1,0,5
1748,1,0,6
1749,1,0,4
1750,1,0,4
1751,1,0,3
1752,1,0,4
1753,1,0,2
1754,1,0,3
1755,1,0,2
1756,1,0,8
1757,1,0,5
1758,1,0,2
1759,1,0,5
1760,1,0,10
1761,1,0,7
1762,1,0,3
1763,1,0,9
1764,1,0,2
1765,1,0,4
1766,1,0,4
1767,1,0,4
1768,1,0,8
1769,1,0,6
1770,1,0,7
1771,1.3333,0.5774,3
1772,1,0,5
1773,1,0,3
1774,1,0,4
1775,1,0,4
1776,1,0,9
1777,1,0,5
1778,1,0,2
1779,1,0,7
1780,1,0,5
1781,1,0,2
1782,1,0,5
1783,1,0,5
1784,1,0,3
1785,1,0,2
1786,1,0,3
1787,1,0,5
1788,1,0,9
1789,1,0,6
1790,1,0,14
1791,1,0,1
1792,1,0,6
1793,1,0,6
1794,1,0,3
1795,1,0,3
1796,1,0,6
1798,1,0,2
1799,1,0,2
1800,1,0,4
1801,1,0,6
1802,1,0,7
1803,1,0,2
1804,1,0,3
1805,1,0,11
1806,1,0,4
1807,1,0,4
1808,1,0,10
1809,1,0,5
1810,1,0,7
1811,1,0,5
1812,1,0,2
1813,1,0,2
1814,1,0,1
1815,1,0,2
1816,1,0,7
1817,1,0,5
1818,1,0,5
1819,1,0,3
1820,1,0,6
1821,1,0,5
1822,1,0,2
1823,1.6667,1.633,6
1824,1,0,9
1825,1,0,6
1826,1,0,2
1827,1,0,4
1828,1,0,12
1829,1,0,3
1830,1,0,6
1831,1,0,5
1832,1,0,2
1834,1,0,8
1835,1,0,4
1836,1,0,4
1837,1,0,3
1839,1,0,2
1840,1,0,6
1841,1,0,13
1842,1,0,3
1843,1,0,2
1844,1,0,3
1845,1,0,3
1846,1,0,3
1847,1,0,7
1848,1,0,1
1849,1,0,4
1850,1,0,3
1851,1,0,4
1852,1,0,4
1853,1,0,2
1854,1,0,3
1855,1,0,5
1856,1,0,1
1857,1,0,3
1858,1,0,3
1859,1,0,4
1860,1,0,3
1861,1,0,10
1862,1,0,8
1863,1,0,1
1864,1,0,2
1865,1,0,5
1866,1,0,2
1867,1,0,9
1868,1,0,7
1869,1,0,3
1870,1,0,1
1871,1,0,3
1872,1,0,1
1874,1,0,3
1875,1,0,4
1876,1,0,7
1877,1,0,2
1878,1,0,2
1879,1,0,5
1880,1,0,5
1881,1,0,4
1882,1,0,3
1883,1,0,8
1884,1,0,7
1885,1,0,2
1886,1,0,9
1888,1,0,3
1889,1,0,2
1890,1,0,7
1891,1,0,1
1892,1,0,5
1893,1,0,1
1894,1,0,3
1895,1,0,5
1896,1,0,3
1897,1,0,2
1898,1,0,7
1899,1,0,11
1900,1,0,6
1901,1,0,5
1902,1,0,9
1903,1,0,6
1904,1,0,8
1905,1,0,4
1906,1,0,3
1907,1,0,3
1908,1,0,1
1909,1,0,2
1910,1,0,11
1911,1,0,5
1912,1,0,3
1913,1,0,6
1914,1,0,3
1915,1,0,9
1916,1,0,7
1917,1,0,4
1918,1,0,8
1919,1,0,5
1920,1,0,1
1921,1,0,4
1922,1,0,9
1923,1,0,7
1924,1,0,3
1925,1,0,2
1926,1,0,6
1927,1,0,4
1928,1,0,3
1929,1,0,4
1930,1,0,4
1931,1,0,4
1932,1,0,2
1933,1,0,7
1934,1,0,3
1935,1,0,1
1936,1,0,6
1937,1,0,3
1938,1,0,3
1939,1,0,2
1940,1,0,3
1941,1,0,4
1942,1,0,6
1944,1,0,2
1945,1,0,1
1946,1,0,7
1948,1,0,4
1950,1,0,1
1952,1,0,3
1953,1,0,3
1954,1,0,2
1955,1,0,4
1956,1,0,2
1957,1,0,2
1959,1,0,3
1960,1,0,2
1961,1,0,3
1962,1,0,4
1964,1,0,5
1965,1,0,2
1966,1,0,2
1967,1,0,2
1968,1,0,2
1969,1,0,1
1970,1,0,2
1971,1,0,3
1972,1,0,3
1974,1,0,1
1975,1,0,3
1976,1,0,1
1977,1,0,4
1978,1,0,1
1979,1,0,2
1982,1,0,2
1983,1,0,1
1984,1,0,3
1986,1,0,3
1987,1,0,2
1988,1,0,2
2000,1.0015,0.0387,668
