size,mean_age,sd_age,n
1,94.0185,188.3469,755725
2,78.4629,72.62,114696
3,80.9786,70.8281,67123
4,83.3457,70.0485,44974
5,86.7041,72.2809,32103
6,87.8616,71.0775,24227
7,89.6557,71.2877,18544
8,90.478,71.9066,14591
9,92.9553,73.0728,11643
10,94.4777,74.2561,9500
11,95.3988,73.5565,7954
12,95.9202,72.8146,6582
13,97.1909,75.8494,5548
14,100.2192,77.4794,4745
15,97.2235,75.0813,4268
16,101.1698,76.8745,3592
17,102.2096,77.1156,3154
18,101.9182,77.2771,2923
19,102.6525,79.4332,2596
20,102.7925,76.1072,2289
21,102.3688,75.3283,2009
22,102.3018,76.755,1932
23,106.7984,79.1173,1701
24,102.2347,73.1947,1585
25,107.515,81.4988,1365
26,103.8195,74.4611,1352
27,106.1624,77.4906,1207
28,110.0402,82.7812,1244
29,103.6691,75.8668,1079
30,107.4834,78.8369,1024
31,107.3742,73.8633,930
32,112.0702,81.2687,869
33,111.0156,77.5033,832
34,113.7183,83.5973,774
35,107.5951,77.0005,699
36,110.2382,81.7865,659
37,109.1867,77.3702,632
38,109.3499,76.9238,603
39,109.2641,75.2471,621
40,110.1275,84.5492,549
41,109.7296,72.5419,503
42,105.7969,79.8899,517
43,113.2638,87.9263,470
44,113.3571,77.0439,448
45,111.3718,76.8374,476
46,114.9523,92.0487,419
47,106.9634,74.8884,437
48,111.4599,80.0918,387
49,111.1453,80.0042,344
50,116.9465,81.9001,355
51,114.0274,74.5182,329
52,108.5983,75.44,361
53,111.6592,77.6674,355
54,110.3696,76.635,303
55,113.3524,74.7317,315
56,110.585,72.9355,253
57,115.2177,74.225,271
58,111,70.4898,229
59,108.2137,67.4528,234
60,121.1718,87.1099,262
61,107.3395,77.2197,215
62,119.3455,84.3396,246
63,113.8061,75.5459,196
64,119.3854,80.3013,205
65,107.7549,66.5493,204
66,112.37,77.6462,200
67,116.4216,91.2448,204
68,116.1122,81.5455,196
69,109.2222,79.1622,198
70,122.1361,88.9299,169
71,124.1183,92.8535,169
72,108.9038,79.1477,156
73,120.9515,93.3873,165
74,125.9827,94.7372,173
75,109.6989,70.1602,176
76,111.9586,80.2783,145
77,109.1534,70.0964,163
78,120.2338,87.802,154
79,107.7778,68.8599,162
80,100.2574,63.2202,136
81,110.9603,82.7875,151
82,120.9868,84.3997,151
83,119.041,76.1126,122
84,109.1732,75.9981,127
85,118.965,84.1373,143
86,128.144,93.1531,125
87,108.4385,70.2453,130
88,123.2713,81.8378,129
89,123.938,74.6396,129
90,112.614,70.4798,114
91,129.3782,90.0707,119
92,123.7143,75.7388,119
93,124.7757,72.7137,107
94,104.902,72.5191,102
95,115.2614,74.1402,88
96,116,69.1371,101
97,108.7196,65.9554,107
98,120.0842,80.8651,95
99,121.6111,73.2416,90
100,116.5612,80.1616,98
101,126,88.5814,88
102,119.3043,79.5584,92
103,113.8941,82.3431,85
104,101.1325,66.8586,83
105,122.5943,118.2251,106
106,122.8462,76.3044,78
107,113.6771,70.7506,96
108,125.8404,90.5886,94
109,119.6071,80.8098,84
110,117.4103,104.7497,78
111,135.6353,106.149,85
112,108.3855,70.4683,83
113,127.9186,78.1685,86
114,104.5909,49.9002,66
115,132.1818,104.9551,66
116,111.1625,67.9746,80
117,106.1311,65.83,61
118,115.0806,85.1418,62
119,116.4407,73.4432,59
120,113.9848,65.0083,66
121,144.4533,101.9318,75
122,122.6462,101.2036,65
123,124.2656,82.4958,64
124,103.8148,63.8501,54
125,111.8868,63.5781,53
126,101.8382,65.8577,68
127,116.2167,76.3598,60
128,105.7969,80.852,64
129,110.1754,77.6931,57
130,108.1404,106.275,57
131,115.3051,71.8666,59
132,125.2182,78.156,55
133,115.1,86.3777,60
134,120.3729,79.1659,59
135,116.9298,68.651,57
136,126.7959,104.3743,49
137,122.9231,80.9981,52
138,137.4615,98.8305,52
139,117.8,86.8943,45
140,118.8182,71.9736,44
141,120.4634,72.3848,41
142,145.3922,98.011,51
143,128.881,80.6211,42
144,108.4286,64.6204,49
145,128.2791,76.4387,43
146,96.6905,57.8423,42
147,138.881,123.4688,42
148,123.9455,101.7656,55
149,102.4737,68.1381,38
150,113.5,83.0375,40
151,118.6154,82.6244,52
152,148.6829,121.1159,41
153,109.75,52.4799,40
154,130.3091,91.8394,55
155,151.3143,117.971,35
156,137.037,83.2538,27
157,117.0889,86.7255,45
158,120.0417,96.586,48
159,111.5758,73.9278,33
160,132.3226,97.9048,31
161,116.9,87.9635,40
162,127.9474,110.1684,38
163,125.6486,79.3768,37
164,134.0667,93.7829,30
165,111.9677,66.6846,31
166,131.0541,93.5809,37
167,117.2564,66.5581,39
168,125.8788,75.1547,33
169,130.1053,72.817,38
170,113.5349,57.266,43
171,119.5833,62.5696,24
172,130.5217,92.5855,23
173,110.3947,76.4144,38
174,112.4167,46.8123,36
175,124.2308,87.5886,39
176,125.3333,109.8359,33
177,113.1034,62.8816,29
178,115.1579,63.914,38
179,123.2593,64.4716,27
180,105.8696,63.4496,23
181,139.7027,79.6788,37
182,134.2593,114.4524,27
183,143.2105,117.5753,38
184,127.3462,69.6626,26
185,128.2308,82.268,26
186,132.3226,85.4975,31
187,131.9394,111.9994,33
188,111.5161,70.2799,31
189,108.6296,80.3139,27
190,95.7917,52.0409,24
191,101.8438,35.9265,32
192,119,61.189,22
193,125.7097,57.072,31
194,111.4286,69.372,28
195,91.3182,63.8804,22
196,117.76,86.9029,25
197,120.5417,77.4686,24
198,103.3929,60.544,28
199,101.6667,56.1533,24
200,176.7692,120.1285,13
201,116.95,74.2177,20
202,123,65.2195,25
203,111.1429,74.7524,21
204,110.2667,79.4593,15
205,120.9412,90.7321,17
206,113.4118,91.4242,17
207,121.4,91.7428,25
208,121.1364,87.0054,22
209,129.2174,85.6255,23
210,131.4667,87.1598,15
211,138.5517,116.904,29
212,84.5,20.1528,16
213,106.36,47.1804,25
214,102.1053,55.3192,19
215,129.875,85.8792,24
216,126.5789,85.5429,19
217,104.8,56.8283,15
218,102.6818,73.1335,22
219,128.9,82.5839,20
220,143.7778,98.0195,18
221,145.4545,109.5756,33
222,129.56,79.4251,25
223,126,65.1547,24
224,118.76,73.8914,25
225,117.1429,61.8713,28
226,120.0909,90.4354,22
227,128.4286,61.5878,21
228,117.381,56.7358,21
229,139.6667,104.9952,18
230,100,42.5544,17
231,140.0714,77.2334,14
232,140.6923,86.8948,26
233,108.2857,66.0887,21
234,106.25,56.909,24
235,118.8235,65.7288,17
236,133.6538,86.2559,26
237,87,78.1337,17
238,117.9444,79.4062,18
239,132.5,57.4308,6
240,149.8571,93.4346,21
241,152.9231,108.8191,26
242,98,38.917,16
243,129.1429,109.1807,21
244,128.8095,81.2358,21
245,120.2857,65.781,14
246,147.8333,111.2626,6
247,126.5652,61.6219,23
248,117,62.6046,13
249,105.15,50.9595,20
250,117.5417,91.1086,24
251,113.7368,51.1825,19
252,135.7143,73.0952,21
253,109.1667,84.8323,12
254,149.6,79.4299,15
255,98.7273,34.0767,11
256,110.25,46.7257,12
257,99.4615,65.4671,13
258,138.7273,100.2737,11
259,119.2857,81.6384,14
260,103.2353,47.9408,17
261,117.4444,68.3705,9
262,127.75,43.7729,16
263,112.5714,91.2275,21
264,125.5,73.4505,18
265,117.0769,66.4122,13
266,139.25,88.5155,16
267,145.3077,121.4828,13
268,112.3333,58.5427,9
269,139.1,96.2764,20
270,144.0667,103.5812,15
271,123.75,92.0969,12
272,144.8235,110.108,17
273,98,41.3521,7
274,159.8667,77.8972,15
275,111.9412,49.3894,17
276,103.375,33.6747,16
277,107.4348,64.0134,23
278,104.6667,55.2923,15
279,141.1053,63.2929,19
280,105.3846,62.08,13
281,131.8889,126.6002,9
282,144.4444,87.9145,18
283,116.0714,55.9883,14
284,100.5556,79.8574,18
285,106.8889,49.7706,9
286,123.7143,23.8308,7
287,143.0909,83.7227,11
288,117.375,62.3903,8
289,90.2667,33.7987,15
290,139.5556,114.3139,18
291,133,77.7367,9
292,141.4286,62.3584,14
293,110.9286,57.8319,14
294,137.4667,80.1453,15
295,79.7895,34.25,19
296,125.4167,136.9814,12
297,141,72.7856,9
298,115.9091,48.4468,11
299,127.7778,93.3338,9
300,126.75,65.2651,16
301,151.6667,98.3928,12
302,115.5556,74.9869,9
303,102.1,35.6166,10
304,124.4667,46.3294,15
305,122.6667,63.2863,12
306,125.3,64.2807,10
307,144,78.1558,7
308,140.8,96.8926,15
309,92.1111,25.0372,9
310,112.3333,42.7522,9
311,110,43.6414,8
312,181,105.7794,12
313,164.1429,65.9126,7
314,112.5,71.2142,16
315,101.8182,51.1602,11
316,139.3636,112.0467,11
317,135,67.082,12
318,131.1875,93.6413,16
319,151.6923,134.7067,13
320,162.4615,99.7418,13
321,129.4,82.3276,15
322,86.875,27.1895,8
323,186.8182,118.7298,11
324,78.8889,36.7473,9
325,106.625,96.8282,8
326,101.6667,47.2123,9
327,106,49.732,12
328,149.3636,80.5435,11
329,133.4444,119.6632,9
330,145.6364,93.0863,11
331,121.6667,50.309,9
332,157.25,58.243,4
333,151.4286,73.3277,7
334,119.3,81.7803,10
335,145.6667,88.0829,12
336,131.625,85.45,8
337,103.7143,29.0672,7
338,86.1429,17.9298,7
339,146.5714,124.5323,7
340,92.1429,46.3013,7
341,146.3,108.6248,10
342,104.4286,81.9611,7
343,154.5,55.9429,10
344,116,74.453,9
345,201.2857,253.5591,7
346,132.5,109.6016,2
347,109.1,45.7589,10
348,164.75,101.2575,8
349,144.5556,92.3121,9
350,145.6667,134.8496,12
351,86.4,42.1827,10
352,92,49.5109,7
353,135.8333,84.4757,12
354,108,44.2574,15
355,72.5,14.4799,4
356,105.125,57.5535,8
357,160.6,66.1536,5
358,119.8333,52.8712,6
359,112.2222,33.9661,9
360,102.25,28.2274,8
361,100,65.2814,7
362,133.8,80.2228,5
363,111.9,60.3001,10
364,141.5,82.7627,4
365,120.1667,57.0663,6
366,100.8333,26.9641,12
367,95.6,63.0103,5
368,140.0714,63.7621,14
369,108.8333,63.2166,12
370,117.8571,62.6988,7
371,209,99.5515,9
372,245.7143,149.9475,7
373,128.3333,70.8524,12
374,118.2727,104.7073,11
375,117.9286,43.5245,14
376,109.2727,72.3438,11
377,115.7778,54.8584,9
378,108.0667,72.3192,15
379,78.6364,32.7606,11
380,115.8889,42.0994,9
381,160.6667,48.8501,3
382,135,106.4669,6
383,108.4286,51.4842,7
384,148.8,58.1997,5
385,178.25,118.3056,8
386,102,24.0208,5
387,147.8571,57.258,7
388,121,52.1728,4
389,113.25,10.9659,4
390,121.375,67.3985,8
391,118.6,69.3311,5
392,127.2727,64.0345,11
393,108.7,41.8012,10
394,133,93.699,9
395,88,43.5775,3
396,124.8571,59.4991,7
397,119.8571,38.6153,7
398,122.25,61.1521,4
399,120,58.8931,6
400,154.375,102.3522,8
401,88.8333,35.7571,6
402,64.5,36.8194,4
403,104,49.4571,5
404,142.3333,70.316,3
405,132,54.2679,5
406,122.3333,63.5164,3
407,126.6667,54.0771,3
408,147.2,55.3417,5
409,204,170.1313,4
410,150.4,56.5889,5
411,151.5,89.4967,4
412,162.9091,123.0069,11
413,141.6,76.8655,5
414,122.75,51.4676,4
415,124,65.437,5
416,289,335.5011,3
417,92.625,44.0517,8
418,156,128.6157,4
419,122.4,56.6639,5
420,156.5556,116.309,9
421,86.8333,26.5286,6
422,129.8571,90.492,7
423,72.2,22.939,5
424,120.2857,63.8454,7
425,102.75,9.4648,4
426,137.6667,23.1157,3
427,243.5,185.9346,4
428,132.4,99.7938,5
429,123.4,47.7032,10
430,158.5,97.2434,8
431,183.8571,143.9739,7
432,158.125,168.2417,8
433,156.2857,90.7647,7
434,110.7778,73.644,9
435,162,174.0919,4
436,100.25,74.6698,4
437,241.4,152.1226,5
438,82.8,33.3047,5
439,89.6,41.8187,5
440,132.8571,91.5686,7
441,117,61.441,9
442,130.2857,61.1357,7
443,143.5,109.6251,4
444,109.7143,41.0435,7
445,118.8571,70.8224,7
446,112.7143,45.8865,7
447,102.6667,18.619,6
448,111,39.8832,4
449,121.1667,42.9903,6
450,134,73.6206,8
451,105.2,46.9702,5
452,111.5,71.2858,4
453,99.75,37.7501,8
454,112.4,38.9718,5
455,131.4,75.8241,5
456,131.6667,66.3049,3
457,85.5,42.7727,6
458,86,40.7063,3
459,160.875,179.7065,8
460,129.4,85.6931,5
461,193.3333,97.936,6
462,95.3333,42.9961,6
463,157.5,36.7378,4
464,148.875,118.2086,8
465,164.5,160.4291,6
466,88,18.3848,2
467,145.5,116.9816,6
468,72.6,20.1941,5
469,169.7143,182.6022,7
470,134,74.3572,3
471,130,70.6612,3
472,129,60.6754,5
473,107.6,40.2157,5
474,112.6,25.7449,5
475,91.6667,41.6333,3
476,144,88.3365,7
477,103.25,18.2094,4
478,148,63.6946,3
479,175.3333,88.1211,3
480,85.5,7.7782,2
481,148,100.6214,4
482,243.5,279.3072,2
483,152,92.0652,3
484,141.2857,41.1854,7
485,79,0,1
486,67.3333,10.7858,3
487,203.6667,120.8153,3
488,85.6667,19.6554,3
489,171,130.1076,2
490,243,161.2979,3
491,173.1429,133.1308,7
492,100,50.0799,4
493,66,26.2298,3
494,68,21.2132,2
495,80.6667,20.232,3
496,109.3333,48.6038,3
497,194.8,176.6613,5
498,133.25,143.0207,4
499,129,61.8601,4
500,90.75,34.2089,4
501,145.3333,28.746,3
502,79,51.0979,3
503,213.25,70.4811,4
504,82.4,21.9727,5
505,130.25,70.4858,4
506,132,61.713,5
507,111.5,2.1213,2
508,170,0,1
509,163.5,36.0624,2
510,169.6667,101.5201,3
511,187,123.1097,3
512,215,187.1577,3
513,119.75,23.0705,4
514,117.75,51.3314,4
515,80,14.7648,4
516,120.3333,21.4554,3
517,93,40.2865,5
518,75.6,14.8088,5
519,192.25,168.0338,8
520,110.3333,51.6437,6
521,140.4,65.0945,5
522,217,104.2881,3
523,81.6,31.021,5
524,158,0,1
525,120,0,1
526,127.5,7.7782,2
527,169,118.9762,4
528,140.125,85.1208,8
529,113,0,1
530,119.3333,28.1839,3
531,117.6,90.4367,5
532,95.5,27.5772,2
533,145.5,56.5004,6
534,214,0,1
535,113,0,1
536,101.75,53.1876,4
537,143,7.0711,2
538,91.2,35.6679,5
539,99,80.6102,2
540,130.25,36.3261,4
541,113.6667,43.1895,3
542,232.5,134.7924,4
543,96.6667,58.3975,6
544,54,0,1
545,107.75,46.2124,4
547,120.3333,5.0332,3
548,82,12.7279,2
549,90,22.1961,4
550,86,32.3213,4
551,93,24.5153,3
552,149.4286,73.0613,7
553,98.5,6.364,2
554,170,72.1064,4
555,169,60.8112,2
556,158.25,102.8088,8
557,111.5,49.5749,4
558,260,72.1249,2
559,169,0,1
560,151.6667,97.7258,3
561,117.3333,50.6392,3
562,129.5714,72.2216,7
563,104.5,45.17,4
564,135.8,12.3167,5
565,181,0,1
566,117.5,10.6066,2
567,115,26.8701,2
568,109.75,48.5275,4
569,249,0,1
570,118.5,27.5983,4
571,67,22.4054,5
572,90,28.284300000000002,2
573,125,0,1
574,116,97.0155,3
575,115,38.1576,3
576,176.5,51.5267,4
577,106,65.6239,5
578,192,84.373,6
580,191,0,1
581,116.5,57.1551,6
582,113.8,27.3807,5
583,121,34.7707,3
584,99,0,1
585,171.3333,51.6366,3
586,73,32.5269,2
588,138,0,1
589,226.5,53.033,2
590,94,0,1
591,91.5,40.3051,2
592,119.4286,76.8914,7
593,137.5,55.0485,4
594,178.6,93.7379,5
595,172.4,77.655,5
596,126.5,78.4889,2
597,124,15.5563,2
598,97,15.5563,2
599,94.5,21.9203,2
600,110.5,35.4782,6
601,78,13.8564,3
602,155.6667,110.8167,3
603,85.3333,24.9867,3
604,90.6667,11.0151,3
605,140.8889,81.6355,9
606,89.6,26.8384,5
607,81.75,34.1894,4
608,154,141.2038,5
609,95,7.0711,2
610,151.5,50.2046,2
611,146,91.9239,2
612,172,0,1
613,87.75,38.7933,4
614,134.6667,26.3881,3
615,124,0,1
616,126.5,2.1213,2
617,121.25,45.2134,4
618,92.4,15.5016,5
619,87.5,41.7193,2
620,85,36.7696,2
621,192,147.9257,4
623,138,0,1
624,154.1667,78.4561,6
625,61.6667,13.2791,3
626,135,83.9047,5
627,140.6667,30.4149,6
628,67,2.8284,2
629,95,26.6271,3
630,134.6667,71.4726,3
631,174.75,75.0039,4
633,147.6667,69.0821,3
634,102,17.6446,4
635,103.6667,17.5024,3
636,133.3333,79.9771,3
637,126,41.0122,2
638,264,251.73,2
639,96,27.7128,3
640,101.1667,28.5476,6
641,50,0,1
642,220.25,111.4252,4
643,98,27.2397,4
644,57,11.3137,2
645,164.5,159.099,2
646,113.5,91.3765,4
647,100.5,21.9203,2
648,94,9.8995,2
649,203,137.1787,2
650,246,0,1
651,275,302.6417,2
652,72.5,43.1335,2
653,167.4,138.7094,5
654,431,52.3259,2
657,171.4,123.9548,5
659,144.3333,88.5965,3
660,91,52.9481,5
661,92,36.1386,5
662,80.3333,24.7857,3
663,153,134.0298,3
664,72,26.8701,2
665,79.5,9.1924,2
666,151.1667,55.2645,6
667,164.5,124.6662,4
668,80,0,1
669,73,0,1
670,81.6667,18.5831,3
671,63,0,2
672,100.5,13.435,2
673,80.5,2.1213,2
674,136.25,45.2797,4
675,300,0,1
676,129,123.0366,2
677,173,0,1
678,233,236.1843,3
679,99,27.7609,4
680,80,0,1
681,79,11.3137,2
682,86,0,1
683,135.5,123.5624,4
684,69,24.0416,2
685,117,0,1
686,370,0,1
687,195.5,27.5772,2
688,148.2,46.2353,5
689,240.25,179.4201,4
690,118,0,1
691,166.3333,121.0675,3
692,114,57.4874,6
693,136.3333,55.2328,6
694,162.5,9.1924,2
695,100,41.0122,2
697,108,24.0416,2
698,106,36.5923,3
699,133,55.1543,2
700,62,0,1
701,116,0,1
702,87.5,71.4178,2
703,130.5,13.435,2
704,197.3333,95.0386,3
705,124,0,1
706,113,0,1
708,86,0,1
709,64,21.2132,2
710,97,0,1
711,59.5,24.7487,2
712,98.8,52.0115,5
713,144,0,1
714,113,45.8912,5
715,173,76.3675,2
716,196,189.5046,2
717,117,0,1
718,73.5,24.7487,2
719,81,0,1
720,271.5,146.3711,2
721,180.6667,85.0314,3
723,69,7.0711,2
724,118.3333,31.5647,3
725,86.5,50.2046,2
726,107.5,0.7071,2
727,216,0,1
728,68,0,1
729,55,0,1
730,45,0,1
731,123,93.3381,2
732,218,125.865,2
733,160.5,98.2878,2
734,71,0,1
735,146.5,108.1873,2
736,296.5,210.0107,2
737,178.5,118.0868,2
739,112.2,49.7263,5
740,145.5,68.5894,2
741,55,0,1
742,183.3333,105.4008,3
743,118,46.669,2
744,111.25,83.8903,4
745,82,0,1
747,128,51.8556,3
748,50.6667,7.5056,3
749,45,0,1
751,107.2,34.1716,5
752,83,0,1
753,90,32.5269,2
755,88.5,34.6482,2
756,89,0,1
757,307,0,1
758,93.5,32.6037,4
759,122,8.4853,2
762,235.3333,138.457,3
763,92.5,41.7193,2
764,176.6667,48.346,3
766,194,0,1
767,65,0,1
768,177.3333,151.2691,3
769,80.5,4.9497,2
770,108,0,1
771,115,41.0122,2
772,160,98.9949,2
773,89.3333,14.2945,3
774,58,0,1
775,131.5,40.3051,2
776,76,18.735,3
777,154.6667,70.614,3
778,138.6667,37.6342,3
779,220.5,122.8563,4
780,103,0,1
781,119.3333,13.6504,3
784,120.5,43.1335,2
785,146,0,1
786,131.3333,76.2714,3
787,45,0,1
788,118,85.0353,3
789,163.3333,67.471,3
790,98,60.8112,2
791,106,29.6985,2
793,91,28.284300000000002,2
794,118,0,1
795,305,0,1
796,315,363.4529,2
798,65,0,1
799,84,26.8701,2
801,147,91.9239,2
802,99,0,1
803,85.5,21.9203,2
804,343.3333,178.2283,3
805,157.5,28.9914,2
806,70,0,1
807,103,0,1
808,177,0,1
809,111,0,1
810,106.6,26.3496,5
812,156,0,1
813,139.6667,67.5599,3
814,207.6667,131.0509,3
815,147.2,85.5728,5
816,75,0,1
817,105.6667,40.0666,3
819,82.3333,28.0238,3
820,256.6667,165.6995,3
822,78,0,1
823,91,0,1
824,120.5,42.5637,4
825,66.5,0.7071,2
826,128,0,1
827,166,0,1
829,110,0,1
830,224,0,1
831,509,0,1
833,103.5,34.6482,2
834,80,0,1
835,117,35.5387,3
836,129.5,7.7782,2
837,172,59.6992,4
838,93,32.8268,6
840,285,0,1
841,134,0,1
842,157.6,57.204,5
843,143.5,0.7071,2
844,68,0,1
845,78,0,1
846,120,0,1
847,222,0,1
848,144,0,1
849,133.3333,40.0167,3
851,170.5,62.9325,2
852,93,0,1
853,110,0,1
854,151,45.2548,2
855,262,0,1
856,266,271.529,2
857,85,31.1127,2
858,179,0,1
859,92,0,1
860,111.3333,67.0099,3
861,114.5,34.6482,2
862,62,0,1
863,109.3333,54.8847,3
864,103,0,1
865,222.6667,204.0425,3
866,136,0,1
867,82.5,38.8909,2
868,92.3333,26.6521,3
869,176,0,1
870,113,0,1
871,89.75,30.3026,4
872,132,106.066,2
873,89.5,48.7904,2
874,113,0,1
875,160,0,1
877,145.5,34.6482,2
878,92,0,1
879,131,17.088,3
880,282,0,1
881,126,0,1
882,168.5,98.2878,2
883,125.25,51.6228,4
884,102,0,1
886,75,0,1
887,57,0,1
888,63,0,1
889,98.5,47.3762,2
890,137,4.2426,2
892,79,0,1
894,163,0,1
895,128.6667,22.0303,3
896,87,0,1
900,58,0,1
901,114.6667,26.3122,3
902,213,161.1676,3
903,462,0,1
904,63,0,1
905,108,0,1
907,120.5,21.9203,2
910,77.3333,31.2143,3
911,102,61.589,6
912,140,0,1
914,46,0,1
915,126,0,1
916,72,0,1
917,108,0,1
918,346,0,1
919,103,0,1
920,170,52.3259,2
922,174.75,150.7302,4
924,138.5,3.5355,2
926,140,36.1663,3
928,87.5,27.5772,2
929,72,21.2132,2
930,72,0,1
931,235,0,1
932,281,304.4843,4
935,93,0,1
936,80,0,1
937,385,0,1
938,72,0,1
941,110,28.6182,3
942,115.3333,52.6909,3
946,222.25,130.0087,4
947,84,0,1
948,152.5,50.2046,2
949,101,36.7696,2
950,110,0,1
951,142.5,106.7731,2
952,101,9.8995,2
953,68.5,0.7071,2
954,120,22.6274,2
955,157,11.3137,2
956,82.5,12.0208,2
957,156,0,1
958,68,0,1
959,113.75,77.7062,4
960,117,55.1543,2
961,92,0,1
962,91,0,2
964,124.5,4.9497,2
965,147,77.7817,2
967,100.6667,17.673,3
968,132,0,1
969,232.5,157.6848,2
970,143,87.43,3
971,99,0,1
972,114.5,12.0208,2
975,464,0,1
976,85,0,1
977,85.5,41.7193,2
979,259,0,1
980,173,195.1615,2
982,202,0,1
985,130,0,1
986,106.5,35.1141,4
988,200.6667,114.3693,3
989,207,0,1
991,132,7.0711,2
992,112.5,99.7021,2
993,262.3333,140.607,3
994,125,0,1
995,121,0,1
996,102.5,28.9914,2
997,94,0,1
999,107,15.5563,2
1001,270,0,1
1002,186.5,14.8492,2
1005,81,0,1
1006,91,0,2
1008,135.5,91.2168,2
1009,128.5,7.7782,2
1012,92,0,1
1016,100,15.5563,2
1018,277,0,1
1019,100.5,38.8909,2
1022,117,0,1
1023,141,0,1
1025,168.6667,86.4947,3
1026,99,0,1
1027,218,104.6136,3
1029,102,0,1
1030,40,0,1
1031,173,0,1
1033,101,0,1
1034,94,0,1
1036,201,0,1
1037,264,0,1
1039,106,0,1
1040,90,0,1
1041,62,0,1
1042,37,0,1
1043,111.5,30.4056,2
1045,160,0,1
1051,270.5,200.1112,2
1052,67,0,1
1053,398,0,1
1054,113,0,1
1057,83.5,27.5772,2
1058,80.5,21.9203,2
1059,219,0,1
1062,124,0,1
1064,125,0,1
1065,70,0,1
1067,110,0,1
1068,220,0,1
1069,472,0,1
1071,65,0,2
1072,107,0,1
1073,146,9.8995,2
1074,116,56.0268,3
1075,64,0,1
1077,85,65.0538,2
1078,115,0,1
1079,118.5,91.2168,2
1080,99.8333,37.8862,6
1081,146.5,23.3345,2
1082,245,113.1371,2
1083,67,5.6569,2
1084,66.5,6.364,2
1085,123.6667,31.5013,3
1086,158,0,1
1089,71.5,2.1213,2
1090,102,0,1
1091,252,212.132,2
1092,138.5,61.5183,2
1093,165.2,166.103,5
1095,138,0,1
1097,113,0,1
1098,76,0,1
1099,99,0,1
1100,121.25,36.6731,4
1104,65,0,1
1105,129,0,1
1107,46,0,1
1109,63,0,1
1110,129.5,91.2168,2
1111,182,0,1
1115,38,0,1
1118,144,0,1
1119,207,0,1
1120,88.6667,32.8684,3
1121,114.5,109.6016,2
1123,262.5,273.6503,2
1124,138,35,3
1128,54,0,1
1129,56,12.7279,2
1132,62,0,1
1135,169.5,103.9447,2
1136,104.5,65.7609,2
1139,118,0,1
1140,216,163.0092,3
1141,93.5,38.8909,2
1142,120,0,1
1143,113,39.598,2
1144,90,39.598,2
1146,99,0,1
1147,121,0,1
1148,325,0,1
1151,48,0,1
1153,248,0,1
1154,144,121.6224,2
1158,112,63.6396,2
1161,69,15.5563,2
1163,189,67.8823,2
1164,82.5,12.0208,2
1165,261,0,1
1167,207,98.9949,2
1168,180,0,1
1170,76,18.3848,2
1171,89,0,1
1173,164.5,68.5894,2
1175,72,0,1
1176,98.5,41.7193,2
1177,118,4.2426,2
1179,96,0,1
1182,99,0,1
1183,178,0,1
1185,200,0,1
1186,137,73.5391,2
1190,139,0,1
1193,89,29.6985,2
1195,63.5,7.7782,2
1197,92,28.6182,3
1198,97.5,54.4472,2
1200,110,0,1
1201,94,0,1
1202,120,0,1
1203,133,0,1
1205,172,0,1
1207,78,9.8995,2
1208,78.3333,31.6439,3
1209,133,0,1
1210,273,0,1
1212,123,46.669,2
1216,223,0,1
1221,209.5,190.2117,2
1222,119,0,1
1224,175,0,1
1225,143,0,1
1234,158,0,1
1237,110,2.8284,2
1239,78,0,1
1240,441,0,1
1241,66,0,1
1243,166,75.4586,5
1245,107.5,26.163,2
1248,62,0,1
1250,115,21.9317,3
1252,101,0,1
1253,222,0,1
1254,83,45.2548,2
1256,89,0,1
1263,62.5,3.5355,2
1264,84,0,1
1265,82,0,1
1266,352.5,92.631,2
1268,89,0,1
1270,160,0,1
1271,89,0,1
1274,80,0,1
1275,80,0,1
1278,75,0,1
1280,81,0,1
1281,236,0,1
1283,170,0,1
1284,65,0,1
1285,94,11.3137,2
1287,97,0,1
1290,260,0,1
1294,118,16.9706,2
1298,105.5,43.1335,2
1299,61.5,41.7193,2
1302,68,0,1
1304,80,7.0711,2
1305,98,28.284300000000002,2
1306,86,0,1
1309,142.3333,62.0672,3
1320,118,0,1
1322,113,0,1
1324,152.5,50.2046,2
1326,70,0,1
1327,301.5,183.1407,2
1328,103,0,1
1331,56,0,1
1332,133,0,1
1333,58,0,1
1334,51,5.6569,2
1335,113,0,1
1337,130.5,38.8909,2
1339,138.5,45.9619,2
1340,177,0,1
1341,107,0,1
1343,235,0,1
1345,88,0,1
1349,124,63.6396,2
1351,130,0,1
1355,126.6667,13.0512,3
1356,170,0,1
1361,173,0,1
1362,165,0,1
1363,66,0,1
1366,148,0,1
1367,133,0,1
1368,322,0,1
1371,73,0,1
1376,223,0,1
1378,139,0,1
1381,127,0,1
1382,42,0,1
1383,130,0,1
1384,70,0,1
1387,118,0,1
1388,206,67.8823,2
1393,59,0,1
1394,51,0,1
1395,265,0,1
1396,63,0,1
1398,326,0,1
1399,156,0,1
1401,63,0,1
1405,68,0,1
1408,289,0,1
1411,71,0,1
1414,95,0,1
1415,113,0,1
1416,274,0,1
1419,90,0,1
1422,76,0,1
1423,143.5,37.4767,2
1427,201,0,1
1428,160,0,1
1430,274,0,1
1433,85,0,1
1434,145,0,1
1435,113,0,1
1440,83.6667,36.6652,3
1442,62,0,1
1443,123,0,1
1444,79,0,1
1445,115,57.9137,4
1447,250.5,48.7904,2
1449,103,0,1
1452,133,0,1
1456,130,0,1
1457,116,0,1
1460,150,0,1
1461,70,0,1
1462,243,0,1
1464,52,0,1
1466,59,0,1
1469,114,0,1
1480,49,0,1
1484,90,0,1
1486,103,0,1
1488,147.5,57.2756,2
1489,76,0,1
1490,96,4.2426,2
1491,106,0,1
1493,54,0,1
1495,68,0,1
1500,98.3333,26.3122,3
1503,116,57.2364,3
1505,73,0,1
1506,134,0,1
1507,146,0,1
1508,57,0,1
1509,106,8.4853,2
1512,131,45.2548,2
1514,114.5,62.9325,2
1519,116.5,2.1213,2
1521,103,25.4558,2
1522,97,0,1
1529,279,0,1
1530,38,0,1
1533,109,38.1838,2
1534,115,0,1
1536,126.3333,18.61,3
1543,73,0,1
1548,185,0,1
1549,122.5,84.1457,2
1550,319.5,222.7386,2
1556,79,0,1
1557,86,0,1
1559,139,0,1
1564,89,0,1
1565,103,0,1
1572,126,0,1
1576,129.3333,11.9304,3
1579,136,52.3259,2
1581,186,0,1
1582,99,0,1
1583,135,0,1
1584,59,0,1
1589,125,0,1
1592,138,0,1
1594,125,0,1
1599,162,0,1
1605,128,0,1
1606,126,0,1
1611,79,0,1
1613,238,0,1
1618,122,0,1
1622,366,0,1
1623,284,0,1
1624,92,0,1
1625,122.5,33.234,2
1627,101,0,1
1630,158,0,1
1631,363,0,1
1633,453,0,1
1635,113,32.5269,2
1638,101,0,1
1639,68,0,1
1643,124,0,1
1644,91,0,1
1645,118,0,1
1646,113,0,1
1649,93,0,1
1650,124,0,1
1652,115,0,1
1653,71,0,1
1654,106,0,1
1660,67,0,1
1661,230,0,1
1662,64,0,1
1664,215,0,1
1667,72,0,1
1673,107,0,1
1675,124,0,1
1676,67.5,19.0919,2
1677,98.5,50.2046,2
1678,97,0,1
1680,71,0,1
1684,74,0,1
1685,63,0,1
1689,70,0,1
1693,314,213.5462,2
1695,235,0,1
1696,115,0,1
1697,132,0,1
1699,128,52.3259,2
1703,536,0,1
1704,76,0,1
1712,431,0,1
1717,113,0,1
1723,103,0,1
1724,272,0,1
1725,89,0,1
1728,89.5,26.163,2
1730,81,0,1
1732,70,0,1
1735,113,0,1
1736,86,11.3137,2
1737,205,0,1
1738,96,0,1
1739,122,11.3137,2
1740,200,0,1
1741,67,0,1
1747,169.5,102.5305,2
1748,373,0,1
1749,400,0,1
1760,161,0,1
1762,97,0,1
1763,89,0,1
1764,69,0,1
1765,93,38.1838,2
1768,134,0,1
1769,97,28.284300000000002,2
1772,61,0,1
1778,176,0,1
1783,159,0,1
1785,90,0,1
1786,81,0,1
1793,65,0,1
1801,138,73.5391,2
1805,113,0,1
1810,108,0,1
1812,83,0,1
1813,123,0,1
1816,132,0,1
1821,96,0,1
1826,75,0,1
1828,385,0,1
1834,74,0,1
1835,448,0,1
1842,59,0,1
1844,137,0,1
1849,73,0,1
1851,226,0,1
1854,211.6667,57.0117,3
1856,176,0,1
1865,46,0,1
1870,65,0,1
1873,101,0,1
1876,132,0,1
1878,125,15.5563,2
1882,81,35.3553,2
1883,62,0,1
1884,97.6667,28.3078,3
1886,75,0,1
1888,110,73.5391,2
1891,85,0,1
1899,84.5,20.5061,2
1901,139,0,1
1902,156,0,1
1907,171.5,21.9203,2
1910,73,0,1
1913,126,0,1
1916,121,0,1
1919,101,0,1
1923,209,0,1
1925,262,230.5168,2
1928,154,0,1
1929,133,0,1
1930,115,0,1
1934,80,0,1
1935,63,0,1
1936,304,0,1
1940,144,0,1
1946,51,0,1
1951,103,0,1
1963,118,0,1
1966,158,0,1
1972,106,0,1
1979,344,0,1
1985,137.5,23.3345,2
1988,157,0,1
1990,83,0,1
1995,103,0,1
1996,152,0,1
1998,102,0,1
2003,90.5,60.1041,2
2007,114,0,1
2009,72,0,1
2013,95,0,1
2018,143.5,38.8909,2
2019,106,0,1
2020,266,0,1
2021,97,0,1
2022,91,0,1
2026,128,0,1
2035,207,0,1
2037,113,0,1
2039,770,0,1
2043,91,0,1
2047,96,55.1543,2
2048,88,0,1
2051,81,0,1
2053,131,0,1
2057,104,21.2132,2
2058,177,142.8356,2
2059,111,0,1
2060,82.6667,3.7859,3
2066,245,0,1
2077,223,0,1
2079,109,16.9706,2
2083,411,0,1
2084,194,0,1
2090,54,0,1
2096,194,0,1
2098,88,0,1
2099,110,0,1
2100,334,0,1
2105,86,0,1
2112,130,0,1
2119,112.5,26.163,2
2120,135,0,1
2121,147,0,1
2131,172,0,1
2140,192,0,1
2142,285,0,1
2150,77,0,1
2152,112,0,1
2154,89,0,1
2161,72,0,1
2162,75,0,1
2167,84.5,17.6777,2
2174,85,0,2
2186,90,0,1
2191,115,0,1
2192,77,0,1
2193,37,0,1
2201,285,0,1
2209,70,0,1
2211,109,0,1
2214,80,0,1
2217,83,0,1
2219,117,0,1
2224,209,0,1
2225,63,0,1
2226,159,0,1
2229,73,0,1
2233,99,0,1
2243,126,0,1
2244,197,0,1
2250,103,0,1
2258,238,0,1
2259,83,0,1
2264,64,0,1
2266,122,0,1
2269,90,0,1
2271,137,0,1
2281,114,0,1
2289,103,0,1
2298,113,0,1
2301,86,0,1
2303,187,0,1
2304,100,0,1
2311,133,0,1
2322,126,0,1
2323,71,0,1
2333,98,0,1
2335,213,0,1
2337,421,0,1
2339,122,0,1
2349,121,0,1
2350,110,0,1
2351,128,0,1
2354,90,0,1
2355,90,0,1
2358,94,0,1
2364,79,0,1
2371,169,0,1
2383,230,0,1
2388,100,0,1
2392,136,0,1
2399,96,0,1
2400,541,0,1
2416,77,0,1
2423,187,0,1
2424,88,0,1
2425,115,0,1
2429,143,0,1
2431,95,0,1
2433,106,0,1
2434,174.5,2.1213,2
2439,131,0,1
2455,189,0,1
2474,239,0,1
2482,86,0,1
2484,209,0,1
2485,96,0,1
2488,139,0,1
2498,58,0,1
2500,115,0,1
2510,134,0,1
2511,498,0,1
2512,148,0,1
2513,214,0,1
2519,107,35.3553,2
2520,75,0,1
2522,110,0,1
2530,103,0,1
2534,154,0,1
2539,271,270.1148,2
2542,161,0,1
2546,82,0,1
2547,106,0,1
2548,84,0,1
2552,144,0,1
2560,278,0,1
2562,119,0,1
2573,83,0,1
2576,120,35.3553,2
2577,128,0,1
2583,83,0,1
2584,140,0,1
2603,107,0,1
2606,122,0,1
2614,179,0,1
2621,54,0,1
2622,70,0,1
2629,118,0,1
2631,161,0,1
2632,89,0,1
2640,103,0,1
2642,82,0,1
2651,67,0,1
2652,85,0,1
2659,91,0,1
2662,549,0,1
2663,186,0,1
2665,116,0,1
2679,114,0,1
2683,119,0,1
2686,88,0,1
2692,113,0,1
2702,70,12.7279,2
2707,136,0,1
2708,103,0,1
2709,121,0,1
2721,108,0,1
2743,72,0,1
2744,80,0,1
2747,137,0,1
2755,163,0,1
2770,64,0,1
2771,103,0,1
2774,148,0,1
2781,95,0,1
2786,151,0,1
2790,111,0,1
2793,142.5,41.7193,2
2794,98,0,1
2796,77,0,1
2803,906,0,1
2814,67,0,1
2824,79,0,1
2827,97,0,1
2829,96,0,1
2831,113,0,1
2832,91,0,1
2845,82,0,1
2846,109,0,1
2848,115,0,1
2866,126,0,1
2879,91,0,1
2881,177,0,1
2900,155,0,1
2905,99,0,1
2912,67,0,1
2918,70,0,1
2924,416,0,1
2934,152,0,1
2942,127,18.3848,2
2952,108,0,1
2955,80,0,1
2971,167,0,1
2977,97,0,1
2986,123,0,1
2988,121,0,1
2992,118,0,1
2994,122,0,1
2998,173,0,1
3023,400,0,1
3038,396,0,1
3048,91,0,1
3050,88,0,1
3052,63,0,1
3053,118,0,1
3061,237,0,1
3064,230,0,1
3074,80,0,1
3079,120,0,1
3110,70,0,1
3114,103,0,1
3125,136,0,1
3135,127,0,1
3137,106,0,1
3150,107,0,1
3153,114,0,1
3174,190,0,1
3177,92,0,1
3183,376,0,1
3187,125,0,1
3191,110,0,1
3206,62,0,1
3213,103,0,1
3226,146,0,1
3238,123,0,1
3240,73,0,1
3241,80,0,1
3242,101,0,1
3244,91,0,1
3245,217,0,1
3246,65,0,1
3266,79,0,1
3281,113,0,1
3293,85,0,1
3297,77.5,2.1213,2
3306,133,0,1
3312,80,0,1
3314,190,0,1
3323,165,0,1
3326,116,0,1
3331,214,0,1
3337,326,0,1
3352,110,0,1
3367,100,0,1
3369,149,0,1
3373,364,0,1
3404,165,0,1
3409,71,0,1
3411,119,0,1
3417,303,0,1
3426,161,0,1
3429,125,0,1
3438,46,0,1
3445,101,0,1
3450,137,0,1
3455,114,0,1
3468,99,41.0122,2
3496,138,0,1
3497,154,0,1
3500,219,0,1
3503,118,0,1
3505,174,0,1
3516,121,0,1
3520,61,0,1
3529,65,0,1
3537,105,0,1
3542,59,0,1
3544,141,0,1
3549,146,0,1
3564,76,0,1
3570,85.5,6.364,2
3583,140,0,1
3608,106,0,1
3610,111,0,1
3635,76,0,1
3637,128,0,1
3654,289,0,1
3657,139,0,1
3667,147,0,1
3682,90,0,1
3683,199,0,1
3684,81,0,1
3685,91,0,1
3687,175,0,1
3706,81,0,1
3710,64,0,1
3722,123,11.3137,2
3728,55,0,1
3736,148,0,1
3758,170,0,1
3761,63,0,1
3776,122,0,1
3804,150,0,1
3811,70,0,1
3812,100,0,1
3831,200,0,1
3836,334,0,1
3857,202,0,1
3859,96,0,1
3865,67,0,1
3870,84,0,1
3888,120,0,1
3893,167,0,1
3898,73,0,1
3901,179,0,1
3905,103,0,1
3921,151,0,1
3943,75,0,1
3949,214,0,1
3993,139,0,1
4005,226,0,1
4021,175,0,1
4022,141,0,1
4024,145,0,1
4025,161,0,1
4036,86,0,1
4041,84,1.4142,2
4049,89,0,1
4073,75,0,1
4115,105,0,1
4122,62,0,1
4146,139,0,1
4161,109,0,1
4218,71,0,1
4223,115,0,1
4243,241,0,1
4258,136,0,1
4259,128,0,1
4272,67,0,1
4295,77,0,1
4301,136,0,1
4311,112,0,1
4313,85,0,1
4318,100,0,1
4329,96,0,1
4347,158,0,1
4348,108,0,1
4358,77.5,0.7071,2
4384,273,0,1
4399,197,0,1
4428,99,0,1
4434,78,0,1
4443,100,0,1
4447,89,0,1
4459,422,0,1
4479,150,0,1
4503,544,0,1
4516,143,0,1
4534,133,0,1
4552,235,0,1
4573,212,0,1
4605,153,0,1
4620,103,0,1
4629,71,0,1
4664,92,0,1
4686,84,0,1
4691,124,0,1
4762,204,65.0538,2
4793,84,0,1
4835,174,0,1
4840,89,0,1
4854,113,0,1
4859,142,0,1
4891,187,0,1
4903,69,0,1
4926,94,0,1
4952,94,0,1
4959,73,0,1
4972,159,0,1
4981,170,0,1
5012,307,0,1
5015,85,0,1
5020,91,0,1
5036,175,0,1
5042,136,0,1
5048,71,0,1
5082,122,0,1
5086,221,0,1
5091,99,0,1
5108,89,0,1
5118,160,0,1
5143,208,0,1
5190,136,0,1
5205,154,0,1
5246,118,0,1
5353,128,0,1
5355,176,0,1
5366,138,0,1
5390,268,0,1
5401,203,0,1
5431,146,0,1
5441,210,0,1
5458,135,0,1
5473,122,0,1
5691,78,0,1
5715,136,0,1
5724,124,0,1
5728,141,0,1
5758,100,0,1
5789,114,0,1
5817,79,0,1
5898,70,0,1
5906,108,0,1
5907,96,0,1
5915,128,0,1
5930,238,0,1
5950,133,0,1
5951,90,0,1
5968,245,0,1
5982,116,0,1
5995,289,0,1
6035,181,0,1
6073,90,0,1
6099,213,0,1
6152,112,0,1
6175,106,0,1
6176,111,0,1
6209,161,0,1
6297,114,0,1
6316,81,0,1
6323,148,0,1
6331,394,0,1
6362,129,0,1
6388,75,0,1
6428,114,0,1
6518,81,0,1
6554,189,0,1
6609,161,0,1
6632,270,0,1
6641,111,0,1
6681,131,0,1
6690,116,0,1
6767,94,0,1
6785,141,0,1
6795,118,0,1
6806,128,0,1
6813,200,0,1
6864,143,0,1
6909,100,0,1
6919,108,0,1
6934,343,0,1
7001,456,0,1
7006,85,0,1
7039,156,0,1
7082,182,0,1
7086,80,0,1
7126,116,0,1
7146,148,0,1
7155,138,0,1
7252,148,0,1
7360,155,0,1
7388,118,0,1
7393,149,0,1
7445,65,0,1
7516,176,0,1
7553,71,0,1
7733,113,0,1
7760,190,0,1
7808,180,0,1
7823,108,0,1
7908,362,0,1
7926,124,0,1
7962,126,0,1
8020,80,0,1
8030,151,0,1
8192,129,0,1
8435,241,0,1
8440,118,0,1
8667,124,0,1
8892,91,0,1
8975,200,0,1
9133,141,0,1
9142,126,0,1
9191,107,0,1
9283,115,0,1
9306,160,0,1
9364,124,0,1
9425,288,0,1
9480,80,0,1
9527,73,0,1
9579,173,0,1
9666,108,0,1
9686,105,0,1
9975,122,0,1
10142,144,0,1
10149,243,0,1
10164,165,0,1
10354,132,0,1
10604,139,0,1
10656,76,0,1
10728,161,0,1
10752,126,0,1
10757,54,0,1
10798,135,0,1
10911,74,0,1
10938,214,0,1
11047,122,0,1
11173,89,0,1
11375,130,0,1
11482,75,0,1
11811,157,0,1
11859,106,0,1
11972,226,0,1
12244,173,0,1
12266,94,0,1
12458,150,0,1
13087,122,0,1
13399,113,0,1
13412,84,0,1
13573,91,0,1
13629,133,0,1
13642,102,0,1
13748,71,0,1
13749,171,0,1
14589,121,0,1
14648,194,0,1
14911,260,0,1
14949,74,0,1
15095,148,0,1
15268,98,0,1
16531,366,0,1
16585,366,0,1
16781,143,0,1
17365,265,0,1
17970,144,0,1
17989,111,0,1
18024,110,0,1
18118,187,0,1
18270,146,0,1
19081,101,0,1
19250,103,0,1
19548,91,0,1
19836,77,0,1
20343,113,0,1
20908,146,0,1
20960,251,0,1
20987,104,0,1
21129,337,0,1
21268,90,0,1
21850,143,0,1
22138,118,0,1
23566,153,0,1
24360,155,0,1
24608,122,0,1
26647,138,0,1
27576,138,0,1
27639,138,0,1
30932,165,0,1
34594,144,0,1
36930,204,0,1
39663,86,0,1
39916,187,0,1
39983,100,0,1
40955,144,0,1
42100,106,0,1
43687,133,0,1
50382,269,0,1
52493,139,0,1
58729,215,0,1
60194,320,0,1
63314,284,0,1
73338,78,0,1
75627,141,0,1
77358,163,0,1
78710,162,0,1
85721,179,0,1
86007,125,0,1
90958,191,0,1
134742,223,0,1
136021,151,0,1
152843,133,0,1
