size,mean_output,sd_output,n
1,1.7362,0.9406,755725
2,2.2078,1.7888,114696
3,3.2089,2.7262,67123
4,4.065,3.542,44974
5,4.8972,4.2633,32103
6,5.7735,4.8755,24227
7,6.5514,5.4084,18544
8,7.6546,6.2584,14591
9,8.4819,6.8723,11643
10,9.3836,7.4831,9500
11,10.33,8.5281,7954
12,11.246,9.3192,6582
13,12.3807,9.7575,5548
14,13.1683,10.795,4745
15,14.4329,11.3902,4268
16,15.1885,12.3478,3592
17,16.0807,12.7668,3154
18,17.1971,13.974,2923
19,17.7577,14.0046,2596
20,19.227,15.3802,2289
21,20.0706,17.1357,2009
22,22.0008,17.5525,1932
23,22.3577,17.9535,1701
24,22.937,19.3324,1585
25,24.7429,20.1394,1365
26,25.1456,20.6288,1352
27,26.1464,21.5355,1207
28,27.3113,22.7514,1244
29,28.8923,23.9277,1079
30,28.8046,24.5657,1024
31,29.55,24.3593,930
32,29.2049,25.0498,869
33,32.1174,27.8658,832
34,31.6628,25.9185,774
35,35.5673,28.068,699
36,35.7794,31.0889,659
37,37.2908,32.5582,632
38,38.6187,32.0579,603
39,39.7122,33.2313,621
40,38.437,33.8645,549
41,38.2519,33.366,503
42,43.2631,35.5486,517
43,40.2733,34.266,470
44,42.9069,34.8584,448
45,42.6501,36.2283,476
46,46.2913,40.1874,419
47,46.6129,39.7289,437
48,46.216,39.2216,387
49,49.3352,41.4829,344
50,45.7727,40.7168,355
51,49.5279,40.9129,329
52,57.2309,47.9422,361
53,51.5779,40.8932,355
54,56.7899,48.5027,303
55,56.1378,48.9374,315
56,56.2784,46.6043,253
57,53.5529,44.5593,271
58,54.6507,47.7804,229
59,62.3402,49.7407,234
60,61.7927,53.7095,262
61,53.8394,50.3579,215
62,59.4242,54.8141,246
63,56.3411,46.5691,196
64,59.4119,50.5883,205
65,62.1057,50.3815,204
66,63.6282,51.9904,200
67,68.1248,52.3689,204
68,68.0711,59.84,196
69,69.0007,58.2267,198
70,66.6103,60.3861,169
71,70.308,59.5332,169
72,70.1925,58.2363,156
73,71.9823,60.8562,165
74,83.4231,73.7594,173
75,77.5158,63.8209,176
76,75.9105,61.4584,145
77,88.6615,70.8167,163
78,74.661,65.1733,154
79,80.2553,66.4595,162
80,78.3302,62.2007,136
81,78.1731,63.3051,151
82,74.1821,61.738,151
83,76.2326,66.2388,122
84,91.0362,68.9861,127
85,84.2835,76.9957,143
86,83.9319,68.4826,125
87,84.8317,64.4073,130
88,84.385,75.5826,129
89,73.9498,70.749,129
90,83.8,69.0836,114
91,88.503,81.2415,119
92,101.0164,83.0721,119
93,93.3127,81.1297,107
94,88.1519,73.7361,102
95,92.0787,85.0098,88
96,82.9714,65.0543,101
97,115.5377,95.6637,107
98,100.125,88.4441,95
99,96.8312,79.6469,90
100,103.4271,85.1233,98
101,94.8184,87.3252,88
102,100.5527,88.389,92
103,111.5859,104.8929,85
104,123.3645,98.144,83
105,103.838,90.5297,106
106,99.7124,95.7668,78
107,108.5494,88.0985,96
108,84.9301,70.082,94
109,102.8631,94.9954,84
110,117.2646,102.1711,78
111,104.8356,91.5754,85
112,111.2922,89.3699,83
113,110.3708,101.6239,86
114,137.7203,110.8821,66
115,111.5961,93.4586,66
116,129.855,94.7815,80
117,125.5328,90.9368,61
118,118.4055,94.8001,62
119,129.0586,99.3577,59
120,112.4234,100.6202,66
121,103.3933,94.9582,75
122,148.1919,103.7381,65
123,126.8677,114.8568,64
124,109.1792,93.3024,54
125,134.9709,126.9788,53
126,135.403,108.461,68
127,125.2891,103.0832,60
128,138.0914,111.4246,64
129,153.8453,120.8019,57
130,145.9308,121.3652,57
131,152.8605,106.3863,59
132,156.7841,119.0682,55
133,139.515,122.4077,60
134,101.923,113.4492,59
135,122.4463,111.4163,57
136,127.8812,123.0938,49
137,158.4796,146.3635,52
138,135.5636,112.848,52
139,159.3337,146.3798,45
140,141.9678,123.6864,44
141,95.0185,74.1766,41
142,124.1883,120.2505,51
143,136.8599,112.4249,42
144,141.7351,129.5058,49
145,130.0041,109.1638,43
146,132.219,105.7531,42
147,129.6476,131.9373,42
148,152.5344,106.9987,55
149,150.7953,117.5141,38
150,123.5421,125.1862,40
151,170.2185,136.6515,52
152,151.7021,126.8769,41
153,164.9708,144.9558,40
154,148.8723,136.8953,55
155,144.3294,117.8524,35
156,141.2123,142.1279,27
157,154.7896,164.0908,45
158,200.5282,164.0948,48
159,164.4666,136.4563,33
160,134.3574,115.72,31
161,209.5144,166.6672,40
162,161.6831,141.4401,38
163,183.0716,174.9496,37
164,158.7481,112.0991,30
165,169.666,119.2836,31
166,158.7264,144.7304,37
167,169.3537,148.8555,39
168,168.7454,166.7185,33
169,165.488,125.5212,38
170,162.5032,114.5038,43
171,164.7471,147.5572,24
172,194.3673,202.6827,23
173,231.1622,175.2244,38
174,185.5293,161.4367,36
175,165.5922,164.125,39
176,165.2968,124.1367,33
177,213.0762,179.3616,29
178,198.1514,145.4369,38
179,226.43,218.0901,27
180,165.4275,158.2282,23
181,114.5489,125.4504,37
182,159.523,140.1312,27
183,143.5178,169.5493,38
184,176.3543,151.6349,26
185,230.3137,167.6357,26
186,165.3845,150.829,31
187,194.2513,145.3156,33
188,232.7537,142.3914,31
189,169.1964,143.4463,27
190,222.1201,148.4517,24
191,179.177,150.2953,32
192,145.0235,98.9453,22
193,139.4962,132.3862,31
194,205.4008,200.7953,28
195,257.3546,204.4327,22
196,190.094,165.9672,25
197,271.3474,267.7518,24
198,259.7715,191.5657,28
199,188.8756,166.476,24
200,126.649,153.1351,13
201,190.328,143.3035,20
202,237.2219,200.45,25
203,215.1615,169.186,21
204,215.1349,172.8033,15
205,219.462,211.8441,17
206,266.4476,199.6697,17
207,198.8699,178.0227,25
208,232.8602,176.2738,22
209,167.3647,126.3503,23
210,177.8538,184.9439,15
211,192.7191,149.1145,29
212,200.8585,176.2319,16
213,193.9058,130.9538,25
214,225.5491,213.3807,19
215,221.9938,169.2385,24
216,236.1098,190.6978,19
217,231.0064,244.9333,15
218,271.6617,192.9618,22
219,151.4338,125.7412,20
220,160.7168,144.4669,18
221,151.9573,131.9308,33
222,269.569,186.161,25
223,144.1518,161.3957,24
224,273.9198,202.1739,25
225,170.8666,122.0999,28
226,213.8496,236.795,22
227,220.3078,182.3836,21
228,275.5598,261.3806,21
229,319.7201,245.5816,18
230,253.1098,219.0374,17
231,127.097,129.3668,14
232,200.0898,167.2137,26
233,230.7448,181.9646,21
234,273.9442,203.7781,24
235,259.6692,243.3698,17
236,183.4583,164.071,26
237,247.0245,168.6938,17
238,211.3621,221.1748,18
239,333.7209,197.0432,6
240,195.4419,184.5499,21
241,257.3917,199.7555,26
242,240.2466,189.18,16
243,224.7851,230.8159,21
244,236.9923,193.1891,21
245,293.4281,338.9458,14
246,174.8058,168.8638,6
247,293.7044,270.6857,23
248,225.2509,243.3083,13
249,265.216,297.152,20
250,223.2276,176.4094,24
251,194.1874,176.3356,19
252,263.8568,253.475,21
253,247.9658,163.9068,12
254,211.1754,199.0248,15
255,287.8665,207.721,11
256,214.4424,260.6686,12
257,213.1638,191.3789,13
258,269.6519,228.0452,11
259,328.4177,240.1978,14
260,232.7319,195.7218,17
261,155.4667,120.4005,9
262,242.9445,203.6664,16
263,316.2078,184.3284,21
264,280.0117,215.2479,18
265,276.7702,266.6228,13
266,187.8933,194.6979,16
267,279.28,289.9828,13
268,273.7753,322.7015,9
269,297.2383,245.8652,20
270,205.6744,203.0857,15
271,242.9894,157.9649,12
272,266.6893,267.9865,17
273,395.5669,240.0184,7
274,252.4694,210.1909,15
275,155.536,133.8039,17
276,184.6193,148.6474,16
277,267.9824,273.1481,23
278,306.1643,345.9859,15
279,295.1785,241.8467,19
280,351.6916,340.5729,13
281,264.4467,223.6007,9
282,320.2831,268.5325,18
283,235.5825,222.4005,14
284,373.1755,290.0583,18
285,337.6349,215.6037,9
286,136.1615,128.1114,7
287,305.084,285.2248,11
288,344.5641,372.9886,8
289,317.5651,227.5061,15
290,364.0786,269.78,18
291,308.2051,242.2795,9
292,220.4611,160.1195,14
293,269.2517,236.3543,14
294,322.2266,299.1862,15
295,345.4689,258.977,19
296,323.8066,229.6112,12
297,208.5743,178.3623,9
298,320.6914,284.5982,11
299,317.4224,229.9301,9
300,307.3064,255.2216,16
301,351.6739,393.8183,12
302,363.2096,346.1409,9
303,341.782,248.0772,10
304,201.3812,175.7881,15
305,370.647,324.0611,12
306,200.2735,153.1227,10
307,201.616,206.4713,7
308,207.709,196.0945,15
309,242.7116,211.7603,9
310,296.4933,210.9585,9
311,233.5456,225.3949,8
312,288.7109,238.7506,12
313,283.1032,331.4715,7
314,343.7846,244.5233,16
315,324.5534,176.6429,11
316,302.5609,300.9835,11
317,284.9459,238.1127,12
318,206.9763,224.8204,16
319,239.5128,242.2408,13
320,395.1009,404.1468,13
321,280.3195,231.4608,15
322,275.5264,74.6125,8
323,244.0754,209.4536,11
324,511.206,197.1412,9
325,382.2329,269.6373,8
326,429.803,348.2758,9
327,501.7718,366.7646,12
328,401.866,285.9797,11
329,295.4406,374.7674,9
330,303.8059,299.6911,11
331,308.4134,360.5115,9
332,180.6721,227.8439,4
333,177.3808,197.7727,7
334,319.9372,210.1461,10
335,272.5386,244.0321,12
336,278.2538,314.075,8
337,233.9533,206.7225,7
338,353.5785,316.9696,7
339,469.5975,350.4843,7
340,453.5582,314.4579,7
341,328.4337,273.5026,10
342,574.4644,449.7373,7
343,320.2963,409.8166,10
344,317.9795,211.3648,9
345,287.0007,357.5349,7
346,328.1267,286.3717,2
347,439.0148,301.9913,10
348,109.906,97.1037,8
349,275.5832,306.7169,9
350,335.7558,298.6014,12
351,390.9399,183.027,10
352,609.7237,506.336,7
353,335.3361,216.5884,12
354,415.4619,409.3079,15
355,510.2431,596.0526,4
356,463.9185,378.3462,8
357,283.448,341.6502,5
358,261.4645,259.4686,6
359,309.1516,270.0606,9
360,330.2696,309.9246,8
361,705.1998,299.3948,7
362,470.5458,327.2897,5
363,374.285,281.6687,10
364,578.597,466.3279,4
365,239.236,157.1664,6
366,326.4405,344.2836,12
367,548.437,355.8022,5
368,261.6368,192.2221,14
369,409.206,407.0151,12
370,457.3865,480.2989,7
371,158.1268,166.3929,9
372,120.5093,102.1605,7
373,243.4744,242.1684,12
374,449.1743,280.8872,11
375,406.9839,414.5708,14
376,311.6444,260.7629,11
377,357.1315,348.8231,9
378,279.8032,224.7067,15
379,392.5913,237.5199,11
380,485.1253,408.6368,9
381,249.2466,208.2053,3
382,256.5932,118.0458,6
383,447.2587,206.6287,7
384,374.9103,420.6801,5
385,579.8374,534.9398,8
386,369.3179,357.882,5
387,198.6596,242.2231,7
388,529.9422,407.2355,4
389,509.0776,572.7992,4
390,475.4432,259.2417,8
391,394.1388,245.4921,5
392,338.6953,377.7636,11
393,533.5381,423.1406,10
394,388.9906,270.9039,9
395,588.9567,78.0491,3
396,266.0766,227.2237,7
397,236.0503,199.645,7
398,541.7218,406.9246,4
399,379.2196,311.4038,6
400,264.9413,195.1639,8
401,774.2343,526.1929,6
402,556.771,417.152,4
403,435.2792,331.8056,5
404,320.9759,73.3615,3
405,216.5018,204.4069,5
406,257.1669,292.3877,3
407,331.5194,370.5316,3
408,248.0295,353.7837,5
409,349.4271,196.1017,4
410,389.6082,364.4119,5
411,288.3177,126.2387,4
412,281.5491,248.1101,11
413,165.4295,172.2596,5
414,381.0103,394.9681,4
415,242.1474,211.1763,5
416,800.6242,286.9873,3
417,534.4297,347.5094,8
418,450.1079,373.4233,4
419,248.517,144.9283,5
420,261.6519,242.4965,9
421,503.6752,564.4109,6
422,395.6696,212.6869,7
423,607.4242,158.1581,5
424,497.025,556.2701,7
425,210.1341,65.9505,4
426,35.4851,19.3058,3
427,665.1817,466.8544,4
428,448.4135,317.2351,5
429,345.1739,364.5489,10
430,367.5154,287.5238,8
431,369.1685,301.5199,7
432,485.8593,253.6775,8
433,351.1836,319.9513,7
434,537.6091,430.8378,9
435,442.6609,383.2408,4
436,650.1404,386.3348,4
437,612.4845,621.3615,5
438,618.4424,343.5097,5
439,831.1576,485.9061,5
440,392.277,462.1812,7
441,431.8269,481.2689,9
442,443.0419,219.9466,7
443,276.0728,256.6199,4
444,238.0212,163.6138,7
445,664.6564,331.0225,7
446,505.5949,367.4232,7
447,400.8919,270.9867,6
448,434.1626,242.2714,4
449,332.1869,262.3338,6
450,602.5834,428.9902,8
451,511.3621,319.5963,5
452,541.298,477.3274,4
453,585.9884,567.2059,8
454,647.1543,368.4342,5
455,650.5877,204.7389,5
456,230.1871,298.9936,3
457,609.244,305.228,6
458,963.8877,377.2509,3
459,544.3405,330.1635,8
460,562.4346,502.4105,5
461,414.6439,292.5448,6
462,536.3715,416.1228,6
463,40.6521,27.8716,4
464,516.3467,421.1716,8
465,403.1136,369.0307,6
466,236.3034,14.3912,2
467,332.3855,261.6094,6
468,722.8636,409.9836,5
469,586.7014,502.1019,7
470,289.481,401.7291,3
471,402.1213,383.2105,3
472,320.4883,255.4632,5
473,396.4826,258.158,5
474,334.3979,200.7961,5
475,784.6041,521.3472,3
476,402.1643,373.4589,7
477,859.8,611.5692,4
478,555.7514,676.006,3
479,454.9652,387.4453,3
480,557.0527,338.6379,2
481,416.6813,612.8879,4
482,720.3873,980.5225,2
483,961.7922,616.1854,3
484,230.9213,272.4669,7
485,1262.8656,0,1
486,783.803,465.0689,3
487,802.9182,686.9148,3
488,535.9283,363.4974,3
489,91.6278,110.6317,2
490,567.3536,388.13,3
491,407.1709,496.0689,7
492,369.0991,322.0253,4
493,666.8904,349.2428,3
494,1217.6063,287.7932,2
495,669.7206,373.2516,3
496,637.1676,591.9861,3
497,765.8785,329.3323,5
498,1044.4299,336.9835,4
499,638.1098,684.987,4
500,522.4724,418.0895,4
501,316.5383,235.7895,3
502,589.6821,410.2159,3
503,420.0869,557.13,4
504,515.7574,444.4377,5
505,381.7004,601.0503,4
506,268.9599,146.0083,5
507,288.6672,216.1508,2
508,41.3792,0,1
509,147.7541,190.4728,2
510,550.4141,264.4227,3
511,150.897,136.3228,3
512,895.4587,701.7528,3
513,397.9231,528.7301,4
514,318.8733,304.7189,4
515,722.3277,579.8827,4
516,347.019,288.4357,3
517,304.1027,296.5432,5
518,937.8233,634.4275,5
519,520.2251,400.3665,8
520,559.1691,171.9817,6
521,171.7367,170.9891,5
522,50.221,43.3542,3
523,753.1042,450.3576,5
524,265.7525,0,1
525,275.5168,0,1
526,187.767,146.59,2
527,361.663,256.6595,4
528,710.9996,411.1122,8
529,845.8591,0,1
530,433.3792,692.1553,3
531,838.5699,784.026,5
532,676.4174,111.0097,2
533,298.8728,295.7154,6
534,3.4242,0,1
535,1196.151,0,1
536,742.6714,426.9705,4
537,65.2985,57.2643,2
538,556.2685,501.7874,5
539,404.5564,280.2872,2
540,467.7434,733.2652,4
541,351.4109,349.6508,3
542,277.1041,262.7059,4
543,562.9808,326.2675,6
544,378.7855,0,1
545,593.8956,384.7002,4
547,410.8242,446.0657,3
548,1100.1686,1160.3896,2
549,675.0089,606.4337,4
550,832.5178,688.6791,4
551,598.53510000000006,450.5801,3
552,571.0782,450.8835,7
553,1028.681,946.2105,2
554,781.1452,424.0197,4
555,195.1716,12.2468,2
556,278.8303,280.0135,8
557,465.9077,572.8729,4
558,621.9378,827.2517,2
559,159.5148,0,1
560,530.8868,548.6148,3
561,365.2968,57.0909,3
562,794.8464,610.143,7
563,306.2421,214.7959,4
564,288.381,206.7904,5
565,37.6968,0,1
566,804.1802,379.3041,2
567,143.8569,35.394,2
568,494.3272,565.8398,4
569,13.8613,0,1
570,251.5024,162.8555,4
571,591.1326,316.1615,5
572,517.0215,282.1891,2
573,305.3511,0,1
574,722.4993,569.682,3
575,381.5656,354.4126,3
576,251.8377,299.6139,4
577,620.4255,720.8273,5
578,568.3617,620.4327,6
580,452.1985,0,1
581,831.8691,519.6001,6
582,304.0172,193.1396,5
583,397.0237,556.946,3
584,675.0629,0,1
585,29.6481,24.6776,3
586,740.85,686.6461,2
588,1477.1213,0,1
589,480.0794,673.3378,2
590,159.9085,0,1
591,443.4967,475.6237,2
592,617.0996,538.1146,7
593,555.0035,870.9713,4
594,422.8814,397.6282,5
595,379.1952,342.2307,5
596,1133.3484,569.2785,2
597,737.5864,679.0061,2
598,556.7126,754.7511,2
599,767.8144,664.6687,2
600,725.5986,706.3089,6
601,502.6044,85.7346,3
602,501.0113,389.8576,3
603,633.8631,425.6793,3
604,200.1165,114.4259,3
605,427.7718,467.5178,9
606,971.1198,695.3384,5
607,581.2213,554.347,4
608,837.6006,753.884,5
609,396.4234,228.0805,2
610,394.6023,536.9182,2
611,979.4668,1075.2635,2
612,194.9725,0,1
613,703.2314,223.5196,4
614,356.7694,352.4035,3
615,506.7096,0,1
616,75.5326,52.6818,2
617,256.5988,270.0312,4
618,429.8047,289.1595,5
619,987.4067,188.7486,2
620,872.9606,691.21,2
621,964.3303,480.3687,4
623,361.3647,0,1
624,848.7137,654.8811,6
625,1095.6251,739.5004,3
626,712.4957,719.4217,5
627,397.2974,264.6832,6
628,877.675,92.023,2
629,453.0941,485.657,3
630,621.5186,500.5206,3
631,100.8319,110.3445,4
633,386.7144,548.8085,3
634,1151.3015,580.758,4
635,528.0352,188.4426,3
636,1081.6178,657.2403,3
637,446.2813,171.276,2
638,1072.9368,1434.9305,2
639,765.8119,727.3688,3
640,330.3028,153.3531,6
641,1071.2559,0,1
642,499.9371,723.544,4
643,1010.5764,347.087,4
644,1037.0826,273.6291,2
645,884.7389,971.5955,2
646,1267.3069,696.302,4
647,654.7202,813.5299,2
648,189.9397,41.9854,2
649,373.4876,278.3921,2
650,101.2084,0,1
651,905.4661,876.5656,2
652,1063.8553,556.6765,2
653,746.6458,483.8533,5
654,829.3553,782.9531,2
657,680.1768,663.077,5
659,327.8514,355.3115,3
660,817.5274,792.6469,5
661,469.8118,526.7218,5
662,1125.4708,789.2396,3
663,1243.798,864.9346,3
664,656.539,618.6654,2
665,980.182,275.8677,2
666,268.483,232.0841,6
667,770.5194,726.756,4
668,164.182,0,1
669,978.5567,0,1
670,953.0798,472.6286,3
671,1183.3208,87.3643,2
672,346.2068,257.456,2
673,946.2305,937.1387,2
674,642.6841,386.3323,4
675,355.5917,0,1
676,504.7629,618.5328,2
677,77.6616,0,1
678,889.5579,696.4383,3
679,578.7072,385.8209,4
680,708.2323,0,1
681,641.4999,331.4602,2
682,791.1268,0,1
683,633.6862,176.4829,4
684,621.0328,284.0201,2
685,642.728,0,1
686,262.0012,0,1
687,90.6914,114.7986,2
688,399.2509,194.0279,5
689,540.5256,672.6946,4
690,186.5496,0,1
691,1067.9814,882.7388,3
692,662.5353,635.8025,6
693,494.348,322.6497,6
694,159.9406,156.3523,2
695,590.8974,231.3414,2
697,736.4889,502.035,2
698,707.2447,565.9049,3
699,1762.9553,510.4362,2
700,966.3722,0,1
701,240.6884,0,1
702,1426.3457,912.0428,2
703,331.6446,244.2301,2
704,285.6046,193.0523,3
705,240.3809,0,1
706,861.1192,0,1
708,1402.6827,0,1
709,1208.6633,45.7925,2
710,975.1953,0,1
711,1489.5102,887.1468,2
712,817.2386,860.2745,5
713,154.9227,0,1
714,731.5092,515.6749,5
715,354.1437,187.8546,2
716,892.825,886.5793,2
717,346.5741,0,1
718,1076.169,763.9958,2
719,493.8256,0,1
720,516.4936,667.1777,2
721,598.0978,599.3953,3
723,820.4952,138.8143,2
724,865.5839,762.0398,3
725,996.1633,69.2594,2
726,417.9999,368.2343,2
727,100.0817,0,1
728,1638.8647,0,1
729,1773.0093,0,1
730,1688.8279,0,1
731,1645.6899,877.5539,2
732,184.376,258.0868,2
733,595.25,806.0819,2
734,592.6708,0,1
735,808.0985,209.4562,2
736,426.822,264.2116,2
737,726.6149,241.6057,2
739,962.3317,1125.8435,5
740,1054.8608,643.9091,2
741,1375.4283,0,1
742,926.701,443.1693,3
743,237.5548,20.1246,2
744,1050.2467,702.9837,4
745,387.9438,0,1
747,2080.3405,653.931,3
748,1842.3702,465.6962,3
749,1297.4889,0,1
751,747.0073,341.1943,5
752,306.7626,0,1
753,718.076,844.3798,2
755,622.2332,561.4378,2
756,2167.0972,0,1
757,58.1743,0,1
758,914.5783,647.5734,4
759,622.9304,534.0507,2
762,470.7434,615.3156,3
763,779.5494,871.6403,2
764,172.555,92.3519,3
766,102.7711,0,1
767,982.7273,0,1
768,597.7225,407.2571,3
769,1337.3405,195.9312,2
770,464.1678,0,1
771,300.087,200.7093,2
772,1173.9983,299.9172,2
773,328.8365,75.5119,3
774,1298.7373,0,1
775,360.0882,15.8286,2
776,922.644,1005.3446,3
777,125.1014,173.463,3
778,554.5967,792.132,3
779,304.8488,94.7739,4
780,171.4162,0,1
781,630.1838,536.0615,3
784,325.9376,292.7867,2
785,696.7365,0,1
786,800.9282,676.0382,3
787,1117.1681,0,1
788,897.4166,749.7297,3
789,1181.058,962.565,3
790,624.2396,386.1972,2
791,195.5021,153.9395,2
793,742.3317,651.7731,2
794,631.1603,0,1
795,79.1459,0,1
796,1410.3654,142.2467,2
798,802.7994,0,1
799,1513.6263,1119.9127,2
801,621.9616,818.2866,2
802,982.6597,0,1
803,450.5539,60.7828,2
804,294.2159,203.9653,3
805,647.7782,863.7675,2
806,1329.3242,0,1
807,1266.1719,0,1
808,1271.3657,0,1
809,165.9308,0,1
810,733.552,505.0025,5
812,276.9475,0,1
813,711.4142,729.0004,3
814,489.7619,663.5409,3
815,813.6626,698.0751,5
816,562.1949,0,1
817,307.3797,281.0375,3
819,855.8227,75.4237,3
820,1322.5059,881.975,3
822,2220.9453,0,1
823,2635.2388,0,1
824,717.8132,472.0229,4
825,736.1538,317.8233,2
826,3633.7815,0,1
827,1053.6825,0,1
829,881.1043,0,1
830,94.1911,0,1
831,169.2177,0,1
833,1545.0687,832.71,2
834,688.1481,0,1
835,1116.363,767.5353,3
836,594.7918,743.0202,2
837,280.4821,372.2956,4
838,839.3333,732.733,6
840,112.1499,0,1
841,921.9503,0,1
842,914.063,423.9979,5
843,514.769,139.8799,2
844,1177.5304,0,1
845,625.9141,0,1
846,458.6177,0,1
847,66.5678,0,1
848,320.9042,0,1
849,918.2328,1212.037,3
851,613.5503,841.8091,2
852,929.277,0,1
853,704.0873,0,1
854,1477.3079,1157.9256,2
855,35.8742,0,1
856,274.7793,300.8054,2
857,534.6896,544.0523,2
858,32.5258,0,1
859,738.3542,0,1
860,436.4379,513.4517,3
861,1470.8436,544.1793,2
862,740.2114,0,1
863,656.2645,628.7164,3
864,1067.5499,0,1
865,558.4978,591.1478,3
866,725.882,0,1
867,992.8411,1124.0767,2
868,562.89,356.4499,3
869,120.5352,0,1
870,371.0742,0,1
871,547.538,393.6179,4
872,793.1084,1000.915,2
873,675.033,833.3954,2
874,435.8278,0,1
875,51.4637,0,1
877,745.9311,825.9791,2
878,219.5964,0,1
879,873.035,621.9492,3
880,120.2193,0,1
881,396.8055,0,1
882,112.2515,154.7649,2
883,528.6084,429.4054,4
884,1500.5148,0,1
886,1571.801,0,1
887,957.4213,0,1
888,1364.1637,0,1
889,462.666,424.075,2
890,1669.5976,2018.8438,2
892,539.59,0,1
894,146.3324,0,1
895,1008.844,399.0596,3
896,1150.0215,0,1
900,1393.5654,0,1
901,1118.1125,1011.2841,3
902,292.5015,170.5989,3
903,2139.3718,0,1
904,1337.0789,0,1
905,77.7349,0,1
907,1399.8765,142.2535,2
910,931.9861,790.7833,3
911,718.6645,1048.0847,6
912,152.8258,0,1
914,1215.7828,0,1
915,934.8433,0,1
916,1708.1119,0,1
917,666.5917,0,1
918,38.3998,0,1
919,1043.2391,0,1
920,726.4713,21.9749,2
922,1176.4112,666.9941,4
924,212.3793,35.8083,2
926,882.5932,691.8244,3
928,593.9834,563.7493,2
929,1841.4929,922.9114,2
930,1464.604,0,1
931,387.7516,0,1
932,1129.9996,1081.1787,4
935,631.0789,0,1
936,1847.3121,0,1
937,722.4575,0,1
938,2377.9719,0,1
941,1095.4304,852.0048,3
942,720.8781,574.4291,3
946,397.2283,550.6318,4
947,376.9222,0,1
948,1160.025,1306.0054,2
949,226.4894,89.7389,2
950,596.1322,0,1
951,621.4671,855.3977,2
952,1427.4636,170.8137,2
953,1224.0566,378.0552,2
954,793.9985,115.9837,2
955,752.9327,805.8288,2
956,956.9598,24.2778,2
957,188.6283,0,1
958,1438.8,0,1
959,941.0407,1159.5024,4
960,602.2196,757.9714,2
961,1233.2012,0,1
962,1076.9197,1148.678,2
964,750.8068,66.7999,2
965,200.5178,133.6627,2
967,1190.9868,743.2383,3
968,65.7304,0,1
969,621.0564,477.6216,2
970,1336.9343,515.431,3
971,929.7809,0,1
972,379.7969,141.1518,2
975,570.1925,0,1
976,644.141,0,1
977,1748.7094,586.7746,2
979,1331.9661,0,1
980,2003.8839,189.2446,2
982,27.1952,0,1
985,167.9801,0,1
986,467.3844,216.0995,4
988,1021.9074,1082.7803,3
989,454.4853,0,1
991,298.4515,186.9752,2
992,644.7303,791.0771,2
993,287.4636,334.0633,3
994,2362.1926,0,1
995,183.8854,0,1
996,932.282,1297.6072,2
997,746.0837,0,1
999,638.9654,193.8744,2
1001,3134.7356,0,1
1002,452.336,391.8629,2
1005,1279.2009,0,1
1006,567.2618,143.0495,2
1008,1138.7573,1545.3788,2
1009,1141.795,1215.3807,2
1012,1417.7332,0,1
1016,346.893,35.1038,2
1018,1622.2603,0,1
1019,1128.1996,438.7314,2
1022,824.6068,0,1
1023,352.8032,0,1
1025,1250.7086,665.3817,3
1026,1609.8981,0,1
1027,647.6676,536.3668,3
1029,209.6529,0,1
1030,2856.0664,0,1
1031,1506.0146,0,1
1033,389.1572,0,1
1034,2400.7117,0,1
1036,57.8405,0,1
1037,787.3632,0,1
1039,1685.443,0,1
1040,263.2447,0,1
1041,908.8438,0,1
1042,4150.2959,0,1
1043,507.6085,460.181,2
1045,391.837,0,1
1051,1248.4851,864.8131,2
1052,596.6778,0,1
1053,92.5125,0,1
1054,68.4113,0,1
1057,1743.049,2079.1917,2
1058,660.7288,294.9743,2
1059,1331.2529,0,1
1062,251.9895,0,1
1064,1075.8193,0,1
1065,958.4173,0,1
1067,1930.4281,0,1
1068,1228.9136,0,1
1069,55.8168,0,1
1071,2656.2904,282.4891,2
1072,589.0425,0,1
1073,2013.1295,657.4107,2
1074,1169.0034,1042.4995,3
1075,2080.0935,0,1
1077,1491.5995,351.7568,2
1078,1077.559,0,1
1079,2675.8549,1475.9805,2
1080,597.7344,530.153,6
1081,1225.2137,319.7193,2
1082,574.0038,146.5756,2
1083,3677.4634,14.9397,2
1084,1804.686,631.0053,2
1085,425.833,349.4331,3
1086,128.5889,0,1
1089,1241.515,593.1639,2
1090,622.6954,0,1
1091,376.8785,360.1607,2
1092,712.204,612.2141,2
1093,1071.0563,513.6491,5
1095,453.2776,0,1
1097,304.5015,0,1
1098,932.0381,0,1
1099,1169.2114,0,1
1100,1214.6602,1178.8273,4
1104,1230.5752,0,1
1105,155.9518,0,1
1107,3212.1243,0,1
1109,1965.8533,0,1
1110,1623.6191,123.1642,2
1111,93.9659,0,1
1115,2971.9229,0,1
1118,192.5886,0,1
1119,217.752,0,1
1120,1809.7949,1211.6377,3
1121,1998.2465,2707.1021,2
1123,677.7656,540.9262,2
1124,1542.3945,946.4708,3
1128,3050.7505,0,1
1129,2642.6456,840.9954,2
1132,1621.634,0,1
1135,2320.6644,731.4127,2
1136,1102.4624,1241.7122,2
1139,485.3484,0,1
1140,455.3858,22.3003,3
1141,492.3541,260.9323,2
1142,205.3938,0,1
1143,761.7181,228.7367,2
1144,958.1833,677.6261,2
1146,570.4708,0,1
1147,154.4263,0,1
1148,2472.3621,0,1
1151,1376.7784,0,1
1153,1843.4076,0,1
1154,797.5078,504.184,2
1158,1543.5323,1192.2309,2
1161,1125.2198,855.5892,2
1163,1253.4444,1035.5292,2
1164,2064.0967,2070.1028,2
1165,129.4748,0,1
1167,148.5322,135.0042,2
1168,1982.0656,0,1
1170,1638.9272,787.8871,2
1171,743.3302,0,1
1173,721.2983,783.2189,2
1175,1923.6207,0,1
1176,658.924,676.9848,2
1177,1078.5875,160.2521,2
1179,729.5459,0,1
1182,374.2945,0,1
1183,53.7551,0,1
1185,16.7396,0,1
1186,406.7635,508.9954,2
1190,1918.4476,0,1
1193,1411.8704,1624.9817,2
1195,1917.7029,1603.414,2
1197,1589.1949,503.7923,3
1198,1814.0538,1368.6192,2
1200,777.7732,0,1
1201,338.2426,0,1
1202,123.8494,0,1
1203,400.2434,0,1
1205,111.1936,0,1
1207,2629.8183,1524.4193,2
1208,1938.9629,1645.0035,3
1209,440.8499,0,1
1210,1193.452,0,1
1212,562.3826,299.0769,2
1216,2439.7798,0,1
1221,1178.7345,1131.2254,2
1222,210.0232,0,1
1224,164.3327,0,1
1225,156.7054,0,1
1234,3864.4189,0,1
1237,892.6052,264.4561,2
1239,2358.8599,0,1
1240,249.0522,0,1
1241,2050.7668,0,1
1243,333.1519,328.7914,5
1245,205.4665,67.2744,2
1248,2948.6482,0,1
1250,745.165,663.329,3
1252,222.1395,0,1
1253,1295.9735,0,1
1254,1633.2013,1801.7508,2
1256,877.8968,0,1
1263,1407.7111,589.9935,2
1264,1260.2968,0,1
1265,2125.0522,0,1
1266,835.668,840.5878,2
1268,768.3371,0,1
1270,202.5623,0,1
1271,1261.1591,0,1
1274,783.6157,0,1
1275,3487.7407,0,1
1278,324.9648,0,1
1280,1406.7914,0,1
1281,2167.2959,0,1
1283,370.3814,0,1
1284,1088.4519,0,1
1285,623.7392,26.6244,2
1287,1720.7863,0,1
1290,91.7898,0,1
1294,2020.3218,252.8549,2
1298,2084.8616,1189.9222,2
1299,2023.5111,852.7651,2
1302,580.5087,0,1
1304,2927.1117,409.932,2
1305,1932.8226,1935.7803,2
1306,1382.6237,0,1
1309,843.7082,725.5867,3
1320,749.4469,0,1
1322,1438.6458,0,1
1324,132.918,93.6818,2
1326,2942.1538,0,1
1327,126.178,112.1068,2
1328,2809.9065,0,1
1331,2770.5122,0,1
1332,197.1817,0,1
1333,1664.2234,0,1
1334,2641.8989,818.7543,2
1335,1384.3502,0,1
1337,341.0622,350.5311,2
1339,1052.9716,1030.5108,2
1340,75.6974,0,1
1341,2644.7549,0,1
1343,1096.0564,0,1
1345,674.2783,0,1
1349,1384.1828,1883.7278,2
1351,498.7697,0,1
1355,1576.0637,720.16,3
1356,2185.9006,0,1
1361,1866.6381,0,1
1362,30.1882,0,1
1363,2540.7046,0,1
1366,112.5345,0,1
1367,334.449,0,1
1368,46.1367,0,1
1371,795.6671,0,1
1376,144.2057,0,1
1378,139.8225,0,1
1381,343.2532,0,1
1382,2305.2454,0,1
1383,265.9337,0,1
1384,843.1353,0,1
1387,1762.4045,0,1
1388,579.4447,478.9207,2
1393,3394.0332,0,1
1394,2205.323,0,1
1395,40.4826,0,1
1396,1495.6716,0,1
1398,1735.3232,0,1
1399,54.8139,0,1
1401,3095.4824,0,1
1405,2189.4412,0,1
1408,56.105,0,1
1411,2725.9666,0,1
1414,1641.8806,0,1
1415,1115.0181,0,1
1416,11.42,0,1
1419,3402.3943,0,1
1422,2166.5725,0,1
1423,204.4746,138.163,2
1427,10.6854,0,1
1428,121.3633,0,1
1430,1149.7894,0,1
1433,1850.4926,0,1
1434,1221.3827000000001,0,1
1435,4269.791,0,1
1440,1078.038,579.5409,3
1442,5059.0166,0,1
1443,828.0356,0,1
1444,3092.5938,0,1
1445,2391.9922,1031.5052,4
1447,1612.5946,1945.0081,2
1449,368.1909,0,1
1452,3317.8586,0,1
1456,255.5984,0,1
1457,735.7178,0,1
1460,137.2507,0,1
1461,2416.0833,0,1
1462,5e-4,0,1
1464,2883.1682,0,1
1466,2210.6853,0,1
1469,1655.5231,0,1
1480,3309.1919,0,1
1484,1199.7765,0,1
1486,379.6036,0,1
1488,1959.6135,2164.6207,2
1489,1148.5797,0,1
1490,2314.7112,1744.399,2
1491,282.2004,0,1
1493,4309.5786,0,1
1495,1442.8826,0,1
1500,1080.8355,893.0701,3
1503,1489.0365,1521.6923,3
1505,2558.5295,0,1
1506,700.7374,0,1
1507,727.9628,0,1
1508,2924.3743,0,1
1509,364.763,349.237,2
1512,358.6984,16.6761,2
1514,1166.7466,1547.828,2
1519,1073.2355,600.0134,2
1521,2806.1525,2190.3727,2
1522,760.6527,0,1
1529,3093.6104,0,1
1530,2769.9688,0,1
1533,1543.0206,2132.169,2
1534,573.0459,0,1
1536,2729.3502,598.7549,3
1543,1972.4058,0,1
1548,1118.3931,0,1
1549,2561.459,1170.3586,2
1550,69.3476,34.8714,2
1556,951.1393,0,1
1557,2275.8462,0,1
1559,2787.7764,0,1
1564,1964.8331,0,1
1565,1087.0721,0,1
1572,455.8074,0,1
1576,2326.8017,2023.7507,3
1579,526.1557,63.0889,2
1581,604.0935,0,1
1582,1707.8182,0,1
1583,2237.0776,0,1
1584,5018.5879,0,1
1589,258.5248,0,1
1592,1779.7286,0,1
1594,1413.6844,0,1
1599,228.748,0,1
1605,1335.1394,0,1
1606,4145.3135,0,1
1611,2500.6802,0,1
1613,711.3911,0,1
1618,2328.8796,0,1
1622,4328.1724,0,1
1623,1953.6438,0,1
1624,984.7472,0,1
1625,519.7849,481.9097,2
1627,1074.2251,0,1
1630,771.8193,0,1
1631,102.6539,0,1
1633,101.9246,0,1
1635,2010.3061,1880.4345,2
1638,1918.6366,0,1
1639,3454.271,0,1
1643,347.2587,0,1
1644,2276.3198,0,1
1645,852.0207,0,1
1646,727.4582,0,1
1649,511.7199,0,1
1650,1225.3777,0,1
1652,938.8629,0,1
1653,762.7116,0,1
1654,980.8841,0,1
1660,1002.9167,0,1
1661,60.8736,0,1
1662,3034.1101,0,1
1664,457.5766,0,1
1667,2667.0876,0,1
1673,2828.8647,0,1
1675,409.0067,0,1
1676,2483.754,374.2477,2
1677,2098.5649,1158.3748,2
1678,845.1163,0,1
1680,1235.6351,0,1
1684,6488.7817,0,1
1685,3058.3965,0,1
1689,3295.7026,0,1
1693,937.6029,1205.4902,2
1695,408.0264,0,1
1696,2053.3123,0,1
1697,1179.9335,0,1
1699,1477.6526,1096.0755,2
1703,2193.958,0,1
1704,3502.3367,0,1
1712,1438.1412,0,1
1717,902.5728,0,1
1723,3284.4998,0,1
1724,86.7895,0,1
1725,1596.2577000000001,0,1
1728,1911.7579,528.4661,2
1730,4367.2651,0,1
1732,1913.2352,0,1
1735,4397.1992,0,1
1736,1297.2375,727.4454,2
1737,81.53,0,1
1738,621.7408,0,1
1739,1779.3587,1934.056,2
1740,2505.7961,0,1
1741,3388.4141,0,1
1747,629.0803,889.6215,2
1748,568.8799,0,1
1749,4135.2305,0,1
1760,105.7773,0,1
1762,675.2921,0,1
1763,3149.6978,0,1
1764,2892.3752,0,1
1765,1520.7271,626.702,2
1768,1148.3652,0,1
1769,2774.2924,1827.092,2
1772,2243.6328,0,1
1778,92.5717,0,1
1783,1065.86,0,1
1785,1399.3113,0,1
1786,3822.3264,0,1
1793,2000.889,0,1
1801,2291.9752,902.9292,2
1805,2745.6541,0,1
1810,276.4184,0,1
1812,6325.1919,0,1
1813,462.3021,0,1
1816,663.3548,0,1
1821,1419.9321,0,1
1826,2985.6562,0,1
1828,289.2817,0,1
1834,2423.9053,0,1
1835,2097.9421,0,1
1842,1460.7744,0,1
1844,848.2303,0,1
1849,4513.1279,0,1
1851,1319.7833,0,1
1854,144.3923,195.7099,3
1856,58.4605,0,1
1865,5278.1865,0,1
1870,5107.4785,0,1
1873,818.5228,0,1
1876,1969.5017,0,1
1878,1817.8232,1269.2855,2
1882,1540.1532,1158.3722,2
1883,4023.0044,0,1
1884,1439.0373,1126.4561,3
1886,1579.3405,0,1
1888,1031.7862,1225.2844,2
1891,901.5399,0,1
1899,1162.0298,1019.1151,2
1901,1583.5739,0,1
1902,135.2861,0,1
1907,64.1479,31.458,2
1910,3193.2749,0,1
1913,1526.2501,0,1
1916,668.1277,0,1
1919,3487.4934,0,1
1923,41.55,0,1
1925,593.1291,259.4519,2
1928,142.2934,0,1
1929,4919.0654,0,1
1930,1798.5116,0,1
1934,1018.1534,0,1
1935,4776.627,0,1
1936,1893.9779,0,1
1940,2391.9495,0,1
1946,4572.647,0,1
1951,2698.1174,0,1
1963,1888.2438,0,1
1966,4938.9937,0,1
1972,651.5911,0,1
1979,261.2432,0,1
1985,2058.7943,2449.0154000000002,2
1988,693.533,0,1
1990,718.9662,0,1
1995,2020.7338,0,1
1996,1536.7307,0,1
1998,4179.5728,0,1
2003,2695.1383,883.2664,2
2007,602.8293,0,1
2009,1862.4004,0,1
2013,741.1282,0,1
2018,725.3614,102.9764,2
2019,1537.6427,0,1
2020,1081.5032,0,1
2021,925.7997,0,1
2022,2622.7495,0,1
2026,1385.8695,0,1
2035,98.1976,0,1
2037,1302.2244,0,1
2039,1797.3165,0,1
2043,5004.1812,0,1
2047,2306.8327,2116.6815,2
2048,2112.1328,0,1
2051,2457.8506,0,1
2053,374.4974,0,1
2057,2620.8607,2980.4747,2
2058,2209.6839,1769.7513,2
2059,2852.8987,0,1
2060,3329.481,1342.8943,3
2066,3085.2654000000002,0,1
2077,1513.7966,0,1
2079,2014.4309,1772.9117,2
2083,721.8182,0,1
2084,4212.3755,0,1
2090,4302.3887,0,1
2096,348.0413,0,1
2098,2176.4951,0,1
2099,792.2304,0,1
2100,2206.8186,0,1
2105,6144.4717,0,1
2112,189.84,0,1
2119,666.4803,618.0187,2
2120,437.8418,0,1
2121,297.1456,0,1
2131,738.605,0,1
2140,1186.4045,0,1
2142,922.2255,0,1
2150,4243.1167,0,1
2152,3097.1516,0,1
2154,4545.5679,0,1
2161,3621.8416,0,1
2162,4693.4634,0,1
2167,2033.0919,1617.3077,2
2174,3187.8647,1522.5225,2
2186,2960.687,0,1
2191,1172.4856,0,1
2192,3123.9702,0,1
2193,6195.8667,0,1
2201,1819.2274,0,1
2209,6760.1963,0,1
2211,2438.0476,0,1
2214,1393.0814,0,1
2217,3650.416,0,1
2219,987.3556,0,1
2224,364.6054,0,1
2225,3670.136,0,1
2226,228.9627,0,1
2229,6001.0498,0,1
2233,791.9432,0,1
2243,253.5259,0,1
2244,2250.5481,0,1
2250,985.4143,0,1
2258,2305.4707,0,1
2259,4479.1763,0,1
2264,3983.6672,0,1
2266,2208.6028,0,1
2269,3817.8413,0,1
2271,2168.918,0,1
2281,756.7282,0,1
2289,1298.9182,0,1
2298,1896.8442,0,1
2301,3621.5381,0,1
2303,1906.1576,0,1
2304,202.2766,0,1
2311,1485.6976,0,1
2322,5322.2871,0,1
2323,2015.0878,0,1
2333,1132.7831,0,1
2335,625.337,0,1
2337,899.1368,0,1
2339,5102.6958,0,1
2349,1280.6362,0,1
2350,1628.8318,0,1
2351,659.3289,0,1
2354,2144.2083,0,1
2355,5053.5054,0,1
2358,4180.5967,0,1
2364,4699.1274,0,1
2371,406.0699,0,1
2383,152.3151,0,1
2388,2598.6047,0,1
2392,569.2097,0,1
2399,3038.3245,0,1
2400,136.1639,0,1
2416,3351.3381,0,1
2423,724.7883,0,1
2424,1895.017,0,1
2425,1969.6877,0,1
2429,98.85,0,1
2431,2376.1504,0,1
2433,702.1431,0,1
2434,453.6837,367.5727,2
2439,308.1355,0,1
2455,2038.1332,0,1
2474,7213.1479,0,1
2482,4376.6094,0,1
2484,6279.0283,0,1
2485,893.008,0,1
2488,2727.6687,0,1
2498,5789.1387,0,1
2500,3683.5244,0,1
2510,943.7224,0,1
2511,117.777,0,1
2512,295.7869,0,1
2513,3709.1865,0,1
2519,851.2292,458.4809,2
2520,5513.3359,0,1
2522,2571.489,0,1
2530,645.8821,0,1
2534,307.3593,0,1
2539,958.9326,169.1081,2
2542,1821.1951,0,1
2546,2286.7805,0,1
2547,3510.9878,0,1
2548,3525.2104,0,1
2552,1670.338,0,1
2560,1850.2306,0,1
2562,509.0303,0,1
2573,1581.0052,0,1
2576,3706.5316,3138.8639,2
2577,1066.9946,0,1
2583,2695.4653,0,1
2584,702.3981,0,1
2603,1497.9963,0,1
2606,817.32,0,1
2614,2454.1089,0,1
2621,3782.3081,0,1
2622,4065.3003,0,1
2629,1435.4095,0,1
2631,395.1868,0,1
2632,1935.5305,0,1
2640,2424.3782,0,1
2642,5425.377,0,1
2651,2416.7666,0,1
2652,2689.5142,0,1
2659,6376.6885,0,1
2662,2021.7042,0,1
2663,128.1949,0,1
2665,2229.3091,0,1
2679,1069.6731,0,1
2683,4211.1714,0,1
2686,2465.9749,0,1
2692,5050.1714,0,1
2702,1412.1991,429.8,2
2707,1297.6642,0,1
2708,2376.7419,0,1
2709,7815.5596,0,1
2721,518.265,0,1
2743,7469.3779,0,1
2744,2213.0676,0,1
2747,4007.0708,0,1
2755,208.7638,0,1
2770,9753.5742,0,1
2771,1307.3022,0,1
2774,796.2483,0,1
2781,7828.4468,0,1
2786,293.6432,0,1
2790,701.9128,0,1
2793,1474.3943,1031.977,2
2794,4147.4448,0,1
2796,2400.1204,0,1
2803,4006.7205,0,1
2814,9266.3281,0,1
2824,2669.1858,0,1
2827,6226.1582,0,1
2829,4980.0835,0,1
2831,3911.6338,0,1
2832,3188.9158,0,1
2845,1910.3317,0,1
2846,3055.2288,0,1
2848,3448.575,0,1
2866,5127.6431,0,1
2879,4023.1838,0,1
2881,294.5157,0,1
2900,440.1464,0,1
2905,385.2765,0,1
2912,8422.7188,0,1
2918,8738.2891,0,1
2924,1298.5215,0,1
2934,2106.8186,0,1
2942,1494.4486,199.3068,2
2952,2771.8816,0,1
2955,4968.6685,0,1
2971,919.1692,0,1
2977,6181.3066,0,1
2986,1946.0859,0,1
2988,480.1212,0,1
2992,5657.2314,0,1
2994,6684.1309,0,1
2998,2730.0493,0,1
3023,1898.8687,0,1
3038,460.5538,0,1
3048,6055.1646,0,1
3050,4516.5825,0,1
3052,3306.6833,0,1
3053,787.8855,0,1
3061,247.847,0,1
3064,74.1731,0,1
3074,2919.6851,0,1
3079,9697.3115,0,1
3110,4432.6753,0,1
3114,2198.1274,0,1
3125,2112.4517,0,1
3135,965.9783,0,1
3137,3764.0481,0,1
3150,4573.7974,0,1
3153,1493.3484,0,1
3174,185.7619,0,1
3177,1045.1505,0,1
3183,1858.2162,0,1
3187,3427.676,0,1
3191,3260.6836,0,1
3206,3143.0261,0,1
3213,2960.322,0,1
3226,140.5727,0,1
3238,901.9564,0,1
3240,2958.4287,0,1
3241,5535.7202,0,1
3242,8309.4561,0,1
3244,7903.2686,0,1
3245,1418.5431,0,1
3246,5909.5176,0,1
3266,5816.3506,0,1
3281,3995.5461,0,1
3293,4447.0684,0,1
3297,3021.2135,195.5261,2
3306,458.1734,0,1
3312,1584.6473,0,1
3314,6497.4429,0,1
3323,929.339,0,1
3326,2045.0802,0,1
3331,197.3107,0,1
3337,1350.4633,0,1
3352,1487.8971,0,1
3367,994.9856,0,1
3369,317.0319,0,1
3373,459.8581,0,1
3404,3394.4358,0,1
3409,6674.1719,0,1
3411,553.3411,0,1
3417,1808.358,0,1
3426,4809.208,0,1
3429,10115.4912,0,1
3438,7431.54,0,1
3445,4915.7139,0,1
3450,1062.3456,0,1
3455,1862.5709,0,1
3468,3373.3092,474.5693,2
3496,1382.7537,0,1
3497,876.5802,0,1
3500,1619.1713,0,1
3503,4652.5796,0,1
3505,1440.9723,0,1
3516,1893.6288,0,1
3520,7665.7578,0,1
3529,5795.5537,0,1
3537,2254.4985,0,1
3542,5371.9858,0,1
3544,3350.9946,0,1
3549,12147.374,0,1
3564,6393.5977,0,1
3570,3633.2063,2949.0583,2
3583,1273.135,0,1
3608,4460.1548,0,1
3610,7041.3506,0,1
3635,4419.7554,0,1
3637,1108.9641,0,1
3654,2872.9272,0,1
3657,629.3531,0,1
3667,5641.2275,0,1
3682,2925.6853,0,1
3683,164.9082,0,1
3684,7969.2256,0,1
3685,2553.0437,0,1
3687,3069.79,0,1
3706,8587.5283,0,1
3710,6474.0537,0,1
3722,2556.3352,398.7689,2
3728,3300.1272,0,1
3736,1740.2919,0,1
3758,1196.4576,0,1
3761,6398.4233,0,1
3776,9550.1387,0,1
3804,2055.7505,0,1
3811,9612.6797,0,1
3812,6860.5176,0,1
3831,2262.7532,0,1
3836,1048.9822,0,1
3857,2977.0007,0,1
3859,5964.4634,0,1
3865,7927.9116,0,1
3870,5200.5244,0,1
3888,1927.4047,0,1
3893,291.4826,0,1
3898,9138.2227,0,1
3901,1718.9497,0,1
3905,3171.8538,0,1
3921,909.4838,0,1
3943,10527.3027,0,1
3949,1484.8594,0,1
3993,717.6915,0,1
4005,130.3747,0,1
4021,730.3131,0,1
4022,558.4257,0,1
4024,693.5284,0,1
4025,2448.1714,0,1
4036,8287.9189,0,1
4041,6605.7976,2803.0144,2
4049,1496.6353,0,1
4073,5979.9058000000005,0,1
4115,9943.4287,0,1
4122,8605.1523,0,1
4146,5726.3779,0,1
4161,6986.9888,0,1
4218,12097.8457,0,1
4223,2915.7637,0,1
4243,64.6497,0,1
4258,1559.7896,0,1
4259,2086.6211,0,1
4272,5421.9453,0,1
4295,9726.6865,0,1
4301,7318.481,0,1
4311,10726.8779,0,1
4313,8997.6211,0,1
4318,4102.9956,0,1
4329,837.308,0,1
4347,5704.7676,0,1
4348,10893.3896,0,1
4358,5172.4862,4837.4726,2
4384,1878.9622,0,1
4399,3606.3914,0,1
4428,1065.2361,0,1
4434,3631.0964,0,1
4443,3258.0552,0,1
4447,2481.7019,0,1
4459,2329.1484,0,1
4479,2338.6392,0,1
4503,919.4805,0,1
4516,4354.4595,0,1
4534,12683.501,0,1
4552,157.6375,0,1
4573,6221.8198,0,1
4605,1098.0538,0,1
4620,1096.749,0,1
4629,11632.7725,0,1
4664,4569.6938,0,1
4686,6718.9634,0,1
4691,1066.7458,0,1
4762,3306.2964,3974.1133,2
4793,8301.3008,0,1
4835,1072.2301,0,1
4840,4463.0117,0,1
4854,3854.1809,0,1
4859,13213.6426,0,1
4891,1482.1428,0,1
4903,6172.2715,0,1
4926,1568.3086,0,1
4952,3276.6938,0,1
4959,4079.3589,0,1
4972,270.2047,0,1
4981,3789.9702,0,1
5012,8546.9541,0,1
5015,2805.4421,0,1
5020,9327.0039,0,1
5036,11333.5078,0,1
5042,211.0264,0,1
5048,6732.894,0,1
5082,2050.5393,0,1
5086,4800.7856,0,1
5091,2819.1348,0,1
5108,2943.8601,0,1
5118,1106.6324,0,1
5143,948.2109,0,1
5190,15116.1943,0,1
5205,11316.3457,0,1
5246,5723.0601,0,1
5353,2777.4814,0,1
5355,315.8909,0,1
5366,1487.1903,0,1
5390,5251.9292,0,1
5401,4735.1787,0,1
5431,1765.0583,0,1
5441,326.8135,0,1
5458,2328.3606,0,1
5473,3976.3008,0,1
5691,4643.5132,0,1
5715,3913.7949,0,1
5724,5260.4458,0,1
5728,11045.208,0,1
5758,6926.1025,0,1
5789,6360.2676,0,1
5817,10321.5859,0,1
5898,8649.5557,0,1
5906,11001.6553,0,1
5907,2610.8804,0,1
5915,14133.4443,0,1
5930,2436.1326,0,1
5950,10199.4229,0,1
5951,13044.377,0,1
5968,246.2258,0,1
5982,7052.3975,0,1
5995,2399.0227,0,1
6035,4644.2432,0,1
6073,2929.5371,0,1
6099,3443.1318,0,1
6152,2400.2039,0,1
6175,1922.5798,0,1
6176,13148.4854,0,1
6209,9455.8574,0,1
6297,2476.3455,0,1
6316,15507.1006,0,1
6323,588.7244,0,1
6331,2330.7322,0,1
6362,2571.6018,0,1
6388,13011.9062,0,1
6428,8717.9404,0,1
6518,22379.7344,0,1
6554,4553.0176,0,1
6609,371.9914,0,1
6632,15185.9854,0,1
6641,4264.5811,0,1
6681,1969.7156,0,1
6690,1525.6714,0,1
6767,2278.4324,0,1
6785,1799.5641,0,1
6795,13061.3604,0,1
6806,1598.974,0,1
6813,955.5918,0,1
6864,550.3318,0,1
6909,17206.4414,0,1
6919,6372.7324,0,1
6934,12141.8438,0,1
7001,2970.176,0,1
7006,11777.8184,0,1
7039,4187.1001,0,1
7082,5545.9419,0,1
7086,15146.875,0,1
7126,2427.907,0,1
7146,3343.9463,0,1
7155,4857.9507,0,1
7252,11464.4014,0,1
7360,3390.7886,0,1
7388,2363.4336,0,1
7393,1101.5242,0,1
7445,5849.3115,0,1
7516,2387.9739,0,1
7553,10554.5283,0,1
7733,2276.3081,0,1
7760,6183.814,0,1
7808,2867.8352,0,1
7823,12596.6602,0,1
7908,5378.3701,0,1
7926,10999.6416,0,1
7962,7222.0488,0,1
8020,18947.3633,0,1
8030,9501.7783,0,1
8192,6378.126,0,1
8435,2077.3203,0,1
8440,2914.3101,0,1
8667,9633.1104,0,1
8892,19583.168,0,1
8975,3070.3513,0,1
9133,7652.3193,0,1
9142,2531.7888,0,1
9191,6652.9663,0,1
9283,5266.501,0,1
9306,4780.2197,0,1
9364,3459.6631,0,1
9425,96.9973,0,1
9480,12241.9404,0,1
9527,8592.7734,0,1
9579,5787.4814,0,1
9666,4472.1274,0,1
9686,8816.9893,0,1
9975,5767.8164,0,1
10142,20185.0469,0,1
10149,17755.0859,0,1
10164,13158.4141,0,1
10354,5820.9458,0,1
10604,431.9444,0,1
10656,14515.9756,0,1
10728,12977.0586,0,1
10752,8944.8008,0,1
10757,29594.9746,0,1
10798,23221.0352,0,1
10911,18690.291,0,1
10938,357.4058,0,1
11047,7066.5542,0,1
11173,8368.4199,0,1
11375,8269.5205,0,1
11482,23221.3125,0,1
11811,629.061,0,1
11859,28642.4062,0,1
11972,5274.626,0,1
12244,6045.0352,0,1
12266,12632.6602,0,1
12458,7533.979,0,1
13087,14680.2246,0,1
13399,21384.5938,0,1
13412,16937.9199,0,1
13573,10176.9502,0,1
13629,5633.1035,0,1
13642,25337.9531,0,1
13748,37806.6211,0,1
13749,7193.7241,0,1
14589,3445.3545,0,1
14648,4118.2261,0,1
14911,7697.8545,0,1
14949,29240.5605,0,1
15095,25511.4434,0,1
15268,7386.957,0,1
16531,29562.6914,0,1
16585,5495.7065,0,1
16781,7494.1421,0,1
17365,3402.1406,0,1
17970,12658.4336,0,1
17989,51252.8984,0,1
18024,16375.8164,0,1
18118,9165.5342,0,1
18270,3730.0491,0,1
19081,21773.4414,0,1
19250,37465.8789,0,1
19548,31024.7441,0,1
19836,21655.3613,0,1
20343,34825.3398,0,1
20908,18224.1172,0,1
20960,6198.9902,0,1
20987,14686.3936,0,1
21129,7056.0547,0,1
21268,22037.6211,0,1
21850,28397.0469,0,1
22138,49874.0586,0,1
23566,1261.718,0,1
24360,8154.5879,0,1
24608,7127.0542,0,1
26647,14845.0986,0,1
27576,18174.0332,0,1
27639,8212.1729,0,1
30932,23182.6289,0,1
34594,12193.0576,0,1
36930,8691.625,0,1
39663,35397.0938,0,1
39916,7917.4277,0,1
39983,113052.2656,0,1
40955,23943.5957,0,1
42100,21526.0801,0,1
43687,25196.3711,0,1
50382,3363.5647,0,1
52493,38924.5977,0,1
58729,61356.582,0,1
60194,26700.5566,0,1
63314,7993.5181,0,1
73338,109537.1328,0,1
75627,53926.0547,0,1
77358,25217.9922,0,1
78710,30876.2051,0,1
85721,109784.8125,0,1
86007,98821.6797,0,1
90958,14863.085,0,1
134742,88511.0938,0,1
136021,294069.6562,0,1
152843,73852.2344,0,1
