output_bin,count
0,244354
1,333246
2,284803
3,114970
4,33102
5,26445
6,20027
7,15205
8,12128
9,9762
10,8043
11,6798
12,5757
13,4690
14,4317
15,3677
16,3211
17,2835
18,2495
19,2161
20,2039
21,1916
22,1698
23,1555
24,1472
25,1308
26,1227
27,1123
28,969
29,1004
30,885
31,889
32,828
33,740
34,726
35,683
36,659
37,581
38,564
39,568
40,500
41,474
42,438
43,445
44,448
45,430
46,357
47,348
48,344
49,339
50,330
51,368
52,281
53,303
54,291
55,241
56,240
57,250
58,241
59,242
60,264
61,243
62,189
63,194
64,202
65,217
66,202
67,177
68,180
69,194
70,169
71,170
72,147
73,171
74,145
75,138
76,139
77,159
78,136
79,136
80,147
81,120
82,143
83,119
84,116
85,127
86,116
87,119
88,76
89,106
90,120
91,107
92,106
93,90
94,123
95,109
96,83
97,82
98,97
99,93
100,100
101,87
102,90
103,88
104,72
105,100
106,74
107,83
108,71
109,76
110,73
111,73
112,59
113,70
114,61
115,49
116,71
117,69
118,62
119,67
120,66
121,66
122,64
123,61
124,64
125,51
126,64
127,46
128,54
129,52
130,51
131,52
132,68
133,44
134,62
135,51
136,49
137,48
138,57
139,53
140,51
141,50
142,33
143,45
144,40
145,38
146,35
147,37
148,40
149,39
150,34
151,33
152,34
153,45
154,34
155,36
156,38
157,33
158,44
159,35
160,38
161,37
162,42
163,43
164,38
165,30
166,38
167,47
168,29
169,29
170,40
171,28
172,24
173,31
174,23
175,27
176,34
177,28
178,21
179,31
180,25
181,22
182,28
183,32
184,23
185,27
186,28
187,26
188,24
189,20
190,17
191,29
192,23
193,31
194,18
195,27
196,20
197,24
198,25
199,30
200,34
201,21
202,31
203,20
204,19
205,23
206,20
207,22
208,31
209,18
210,21
211,19
212,19
213,17
214,16
215,25
216,27
217,16
218,17
219,24
220,27
221,20
222,17
223,19
224,15
225,20
226,14
227,17
228,19
229,19
230,18
231,19
232,8
233,17
234,12
235,18
236,23
237,18
238,13
239,17
240,19
241,20
242,25
243,19
244,14
245,17
246,26
247,12
248,18
249,19
250,21
251,13
252,13
253,13
254,13
255,18
256,12
257,11
258,11
259,10
260,16
261,15
262,20
263,15
264,14
265,18
266,10
267,11
268,12
269,17
270,15
271,11
272,9
273,16
274,10
275,13
276,17
277,15
278,11
279,18
280,8
281,14
282,15
283,15
284,7
285,15
286,9
287,13
288,4
289,14
290,7
291,15
292,15
293,11
294,9
295,15
296,9
297,11
298,11
299,15
300,13
301,15
302,11
303,9
304,8
305,10
306,8
307,11
308,9
309,14
310,6
311,9
312,11
313,7
314,13
315,5
316,6
317,15
318,10
319,20
320,11
321,13
322,3
323,8
324,12
325,9
326,6
327,7
328,6
329,12
330,10
331,10
332,10
333,10
334,9
335,5
336,7
337,6
338,11
339,11
340,8
341,7
342,7
343,13
344,15
345,8
346,13
347,5
348,6
349,5
350,14
351,10
352,8
353,8
354,5
355,8
356,5
357,5
358,6
359,7
360,5
361,11
362,8
363,5
364,12
365,8
366,6
367,2
368,14
369,3
370,3
371,9
372,7
373,3
374,6
375,6
376,5
377,9
378,7
379,10
380,6
381,11
382,8
383,6
384,6
385,5
386,4
387,8
388,5
389,9
390,9
391,9
392,4
393,7
394,3
395,6
396,6
397,7
398,8
399,5
400,4
401,9
402,6
403,7
404,4
405,4
406,6
407,9
408,5
409,3
410,7
411,3
412,5
413,4
414,7
415,8
416,8
417,3
418,7
419,6
420,4
421,4
422,5
423,7
424,5
425,5
426,6
427,7
428,7
429,5
430,8
431,1
432,6
433,4
434,1
435,5
436,3
437,5
438,4
439,4
440,8
441,5
442,7
443,6
444,7
445,4
446,2
447,5
448,7
449,4
450,6
451,6
452,7
453,12
454,3
455,6
456,4
457,5
458,8
459,7
460,8
461,4
462,3
463,9
464,4
465,8
466,8
467,2
468,7
469,1
470,4
471,4
472,5
473,1
474,5
475,3
476,2
477,3
478,6
479,7
480,5
481,7
482,4
483,6
484,2
485,8
486,5
487,4
488,5
489,4
490,4
491,4
492,4
493,6
494,1
495,1
496,6
497,2
498,3
499,5
500,3
501,8
502,4
503,4
504,4
505,2
506,5
507,2
508,5
509,3
510,3
511,8
512,1
513,4
514,2
515,6
517,1
518,5
519,6
520,2
521,6
522,4
523,4
524,1
525,2
526,5
527,4
528,4
529,2
530,5
531,3
532,5
533,4
534,4
535,5
536,3
538,6
539,3
540,4
541,1
542,3
543,4
544,4
545,1
546,1
547,6
548,4
549,5
550,3
551,5
552,4
553,2
554,4
555,2
556,3
557,4
558,5
559,6
560,3
561,5
562,2
563,4
564,5
565,4
566,2
567,4
568,1
569,3
570,8
571,3
572,2
573,4
574,1
575,4
576,1
577,4
578,4
579,4
580,3
581,3
582,3
585,3
586,3
587,1
588,5
589,3
590,2
591,4
592,2
593,6
594,3
595,5
596,4
597,4
598,3
599,6
600,1
601,3
602,2
603,3
604,7
605,1
606,1
607,1
608,2
609,3
610,1
611,6
612,5
613,3
617,3
618,8
619,3
620,8
621,2
622,2
623,2
624,2
625,3
626,1
627,3
628,1
629,5
630,2
631,6
632,2
633,1
634,1
636,4
637,2
638,3
640,3
641,1
642,3
644,2
645,3
646,1
647,2
648,3
650,1
651,3
652,2
653,1
654,2
656,1
657,2
658,3
659,5
660,2
661,2
662,2
663,2
664,3
665,1
666,4
667,1
668,4
670,2
671,6
672,1
673,1
674,2
675,4
676,1
677,2
678,3
679,1
680,1
682,2
683,4
684,1
685,2
686,2
688,4
690,1
691,1
692,1
693,3
694,2
695,2
696,3
697,3
698,4
699,3
700,5
701,3
702,4
703,3
704,1
705,3
706,2
707,2
708,2
709,2
710,4
711,4
713,4
714,1
715,1
716,2
717,3
718,2
719,1
720,3
721,4
722,3
723,3
724,2
725,2
726,1
727,5
728,3
729,2
730,6
731,2
732,2
733,1
734,4
735,3
736,1
738,3
739,4
740,1
741,3
742,1
743,2
744,5
745,4
746,3
747,1
749,2
750,2
751,4
752,3
753,1
754,2
755,4
756,1
757,1
758,2
759,3
760,4
761,1
762,5
765,1
766,1
767,3
768,2
770,1
771,2
772,1
773,1
774,1
775,2
776,2
777,4
778,1
779,1
780,1
781,2
782,3
783,4
784,1
785,2
787,5
788,1
789,2
790,2
791,3
792,3
795,3
796,3
797,1
798,5
799,2
800,1
801,2
802,1
803,1
804,2
805,1
806,3
807,3
808,2
809,1
810,2
811,2
812,1
814,2
815,5
817,3
818,3
820,1
821,1
822,1
824,1
825,1
826,2
828,1
829,1
830,1
831,2
832,2
833,2
837,1
838,3
839,2
840,2
842,1
843,4
845,2
846,1
847,1
848,2
850,1
852,2
853,1
855,1
856,3
857,2
858,2
859,2
860,1
861,1
862,4
867,1
868,1
869,1
870,2
872,1
875,5
876,4
877,2
878,3
880,3
881,2
882,1
883,1
886,1
888,2
889,2
890,1
891,3
892,3
893,1
894,1
895,1
896,1
897,3
899,2
901,2
902,3
905,3
908,2
909,2
913,1
914,2
915,1
917,1
918,3
919,3
920,1
921,4
922,1
923,2
924,2
925,2
926,1
927,1
928,3
929,4
930,2
932,1
933,1
934,1
937,1
938,2
939,2
941,1
942,4
943,3
945,1
947,1
948,1
949,1
950,1
951,2
953,6
955,2
956,5
957,1
958,4
960,1
961,2
964,1
965,2
966,1
967,1
971,1
972,1
973,1
974,1
975,1
977,1
978,1
980,1
981,1
982,2
984,4
985,1
987,1
988,1
989,1
990,3
991,1
992,1
994,1
997,3
999,4
1000,1
1001,1
1002,1
1005,1
1008,1
1011,3
1012,1
1013,2
1014,1
1015,1
1016,3
1018,1
1019,1
1023,1
1025,1
1026,1
1027,2
1028,1
1029,1
1031,2
1034,1
1037,3
1039,2
1042,1
1043,1
1045,2
1047,1
1048,2
1051,1
1053,1
1055,2
1056,1
1057,2
1058,1
1060,4
1062,1
1063,1
1065,2
1066,2
1067,1
1068,1
1069,1
1071,1
1072,2
1074,1
1075,1
1077,2
1078,1
1079,1
1081,4
1082,1
1083,1
1084,2
1086,2
1087,2
1088,3
1090,1
1091,1
1092,1
1094,1
1096,2
1098,1
1101,1
1103,1
1104,1
1106,3
1108,2
1110,1
1111,1
1112,1
1114,1
1115,1
1116,1
1117,3
1118,2
1120,2
1121,1
1123,1
1128,1
1129,1
1132,1
1133,1
1134,1
1137,1
1138,1
1145,1
1148,4
1149,2
1150,2
1154,1
1156,1
1159,1
1160,1
1161,3
1164,1
1165,2
1167,1
1169,1
1170,1
1172,2
1174,1
1175,4
1176,1
1177,2
1179,1
1183,2
1184,2
1186,2
1187,1
1188,1
1190,1
1191,1
1193,1
1194,1
1196,3
1197,1
1198,1
1199,1
1200,3
1201,2
1203,3
1204,1
1205,1
1206,2
1208,1
1211,1
1215,1
1216,1
1217,1
1221,1
1223,1
1225,2
1226,3
1227,1
1228,2
1229,2
1230,2
1232,1
1233,2
1234,1
1235,1
1237,1
1239,1
1241,1
1242,1
1243,2
1244,1
1245,2
1250,1
1251,1
1257,2
1258,3
1259,1
1260,1
1261,3
1262,1
1264,2
1266,1
1271,2
1273,2
1275,2
1277,1
1278,1
1279,3
1280,1
1282,2
1284,1
1286,1
1288,1
1294,3
1295,1
1297,3
1298,3
1299,3
1300,1
1302,1
1303,1
1304,1
1305,1
1306,1
1307,1
1308,1
1309,1
1312,1
1313,1
1315,1
1317,2
1318,2
1319,2
1321,1
1322,1
1326,2
1327,1
1329,3
1330,1
1331,2
1333,3
1335,1
1337,1
1343,1
1345,1
1350,2
1353,1
1358,1
1361,1
1363,1
1364,1
1365,1
1369,1
1375,1
1376,1
1380,1
1382,4
1383,1
1384,2
1385,1
1386,2
1390,1
1393,2
1395,3
1399,1
1402,4
1406,2
1407,1
1409,1
1413,2
1417,2
1418,2
1419,1
1420,1
1421,1
1423,1
1425,1
1426,1
1430,1
1432,1
1433,2
1435,1
1437,1
1438,4
1440,1
1441,1
1442,1
1443,1
1444,1
1451,1
1453,2
1456,1
1457,1
1459,1
1460,2
1462,1
1464,1
1466,1
1467,1
1469,1
1475,1
1477,1
1479,2
1482,2
1483,1
1484,1
1485,2
1487,4
1491,1
1493,1
1495,1
1496,1
1497,2
1500,3
1506,1
1509,2
1510,3
1511,1
1512,2
1513,2
1519,1
1520,1
1525,2
1526,1
1527,1
1528,2
1535,1
1536,2
1537,1
1538,1
1543,1
1547,1
1548,2
1551,1
1559,1
1565,1
1566,1
1567,1
1568,1
1571,3
1574,1
1579,1
1581,1
1582,1
1583,1
1584,1
1588,1
1591,1
1594,1
1596,1
1598,1
1608,1
1609,1
1616,1
1619,1
1621,1
1622,1
1628,1
1631,1
1632,1
1635,1
1638,1
1641,1
1642,1
1651,1
1653,1
1655,1
1656,1
1658,1
1660,1
1664,1
1665,1
1670,1
1673,1
1683,1
1685,1
1688,1
1691,1
1692,1
1697,1
1705,1
1707,1
1708,1
1710,1
1714,1
1716,1
1718,1
1720,1
1721,1
1728,1
1730,1
1733,1
1735,2
1739,1
1740,2
1741,1
1744,1
1747,1
1751,2
1762,1
1765,1
1773,1
1774,1
1779,1
1780,1
1781,1
1786,1
1787,1
1790,1
1792,1
1797,1
1798,1
1799,1
1803,2
1808,1
1811,1
1819,1
1821,1
1824,2
1827,1
1828,1
1838,1
1841,1
1843,1
1847,1
1849,1
1850,2
1852,1
1855,1
1856,1
1857,1
1858,1
1860,1
1862,2
1866,1
1869,1
1870,1
1878,1
1882,1
1888,1
1889,1
1893,2
1895,1
1896,1
1898,2
1901,1
1906,1
1910,1
1913,1
1918,3
1920,1
1922,1
1923,1
1927,1
1930,1
1934,2
1935,1
1945,1
1946,1
1950,1
1953,1
1954,1
1960,1
1963,1
1964,1
1965,1
1969,3
1972,1
1978,1
1980,1
1982,1
1985,1
2000,1
2001,1
2011,1
2015,1
2020,1
2021,1
2033,1
2038,1
2045,1
2047,1
2050,2
2053,1
2054,1
2055,2
2062,1
2070,1
2071,1
2077,1
2080,1
2083,2
2086,1
2087,1
2097,1
2106,1
2111,1
2112,2
2116,1
2123,1
2125,1
2133,1
2137,1
2139,1
2144,1
2153,1
2159,1
2163,1
2166,1
2167,2
2168,1
2176,1
2178,1
2185,1
2189,1
2193,1
2196,1
2198,1
2199,1
2204,2
2205,1
2206,1
2207,1
2208,1
2210,1
2211,1
2213,1
2219,1
2220,1
2224,1
2229,1
2231,1
2237,1
2243,1
2250,2
2252,1
2254,1
2261,1
2262,1
2266,1
2274,1
2275,1
2276,2
2278,1
2285,2
2286,1
2295,1
2296,1
2305,3
2317,1
2328,2
2329,1
2330,1
2338,1
2358,2
2359,1
2362,1
2363,1
2365,1
2372,1
2376,2
2377,1
2386,1
2387,1
2391,1
2399,1
2400,3
2416,2
2423,1
2424,1
2427,1
2436,1
2438,1
2439,1
2448,1
2454,1
2456,1
2457,1
2465,1
2472,1
2476,1
2477,1
2481,1
2485,1
2494,1
2500,1
2505,1
2529,1
2531,1
2540,1
2553,1
2558,1
2560,1
2571,2
2572,1
2576,1
2598,1
2599,1
2610,1
2622,1
2626,2
2634,1
2635,1
2637,1
2644,1
2650,1
2667,1
2669,1
2689,1
2695,1
2698,1
2715,1
2716,1
2724,2
2725,1
2727,1
2730,1
2745,1
2748,1
2769,1
2770,1
2771,1
2777,1
2781,1
2787,1
2805,1
2809,1
2819,1
2828,1
2835,1
2837,1
2838,1
2852,1
2856,2
2867,1
2872,1
2882,1
2883,1
2892,1
2893,1
2907,1
2914,1
2915,1
2917,1
2919,1
2924,1
2925,1
2926,1
2929,1
2930,1
2942,1
2943,1
2948,1
2958,1
2960,2
2970,1
2971,1
2977,1
2985,1
2987,1
3034,1
3037,1
3038,1
3050,2
3051,1
3055,1
3058,1
3069,1
3070,1
3085,1
3092,1
3093,1
3095,1
3097,2
3123,1
3134,1
3143,1
3146,1
3149,1
3159,1
3171,1
3176,1
3188,1
3193,1
3212,1
3213,1
3216,1
3220,1
3232,1
3237,1
3244,1
3258,1
3260,1
3268,1
3276,1
3284,1
3295,1
3300,1
3301,1
3306,1
3309,1
3317,1
3319,1
3339,1
3343,1
3350,1
3351,1
3363,1
3388,1
3389,1
3390,2
3394,2
3402,2
3427,1
3443,1
3445,1
3448,1
3454,1
3459,1
3461,1
3487,2
3490,1
3502,1
3510,1
3525,1
3527,1
3548,1
3606,1
3621,2
3631,1
3633,1
3650,1
3666,1
3670,1
3683,1
3688,1
3706,1
3707,1
3708,1
3709,1
3719,1
3730,1
3764,1
3782,1
3789,1
3790,1
3803,1
3804,1
3817,1
3822,1
3854,1
3864,1
3911,1
3912,1
3913,1
3976,1
3983,1
3995,1
4006,1
4007,1
4023,2
4065,1
4066,1
4079,1
4102,1
4118,1
4135,1
4145,1
4147,1
4150,1
4179,1
4180,1
4187,1
4211,1
4212,1
4243,1
4264,2
4266,1
4269,1
4302,1
4309,1
4328,1
4354,2
4367,1
4376,1
4397,1
4419,1
4432,1
4443,1
4447,1
4460,1
4463,1
4472,1
4479,1
4513,1
4516,1
4545,1
4553,1
4569,1
4572,1
4573,1
4623,1
4643,1
4644,1
4652,1
4693,1
4699,1
4728,1
4735,1
4776,1
4780,1
4800,1
4809,1
4857,1
4915,1
4919,1
4938,1
4968,1
4980,1
5004,1
5018,1
5050,1
5053,1
5059,1
5102,1
5107,1
5127,1
5200,1
5251,1
5260,1
5266,1
5274,1
5278,1
5322,1
5371,1
5378,1
5421,1
5425,1
5495,1
5513,1
5535,1
5545,1
5633,1
5641,1
5657,1
5704,1
5718,1
5723,1
5726,1
5767,1
5787,1
5789,1
5795,1
5816,1
5820,1
5849,1
5909,1
5926,1
5964,1
5979,1
6001,1
6045,1
6055,1
6116,1
6144,1
6172,1
6181,1
6183,1
6195,1
6198,1
6221,1
6226,1
6279,1
6325,1
6360,1
6372,1
6376,1
6378,1
6393,1
6398,1
6474,1
6488,1
6497,1
6652,1
6674,1
6684,1
6718,1
6732,1
6760,1
6860,1
6926,1
6986,1
7041,1
7052,1
7056,1
7066,1
7127,1
7193,1
7213,1
7222,1
7318,1
7386,1
7431,1
7469,1
7494,1
7533,1
7652,1
7665,1
7697,1
7815,1
7828,1
7903,1
7917,1
7927,1
7969,1
7993,1
8154,1
8212,1
8269,1
8287,1
8301,1
8309,1
8368,1
8422,1
8546,1
8587,2
8592,1
8593,1
8605,1
8649,1
8691,1
8717,1
8738,1
8816,1
8944,1
8997,1
9138,1
9165,1
9266,1
9327,1
9455,1
9501,1
9550,1
9612,1
9633,1
9697,1
9726,1
9753,1
9943,1
10115,1
10176,1
10199,1
10321,1
10527,1
10554,1
10726,1
10893,1
10999,1
11001,1
11045,1
11316,1
11333,1
11464,1
11632,1
11777,1
12097,1
12141,1
12147,1
12193,1
12241,1
12596,1
12632,1
12658,1
12683,1
12977,1
13011,1
13044,1
13061,1
13148,1
13158,1
13213,1
14133,1
14515,1
14680,1
14686,1
14845,1
14863,1
15116,1
15146,1
15185,1
15507,1
16375,1
16937,1
17206,1
17755,1
18174,1
18224,1
18690,1
18947,1
19583,1
20185,1
21384,1
21526,1
21655,1
21773,1
22037,1
22379,1
23182,1
23221,2
23943,1
25196,1
25217,1
25337,1
25511,1
26700,1
28397,1
28642,1
29240,1
29562,1
29594,1
30876,1
31024,1
34825,1
35397,1
37465,1
37806,1
38924,1
49874,1
51252,1
53926,1
61356,1
73852,1
88511,1
98821,1
109537,1
109784,1
113052,1
294069,1
