size,count
1,755725
2,114696
3,67123
4,44974
5,32103
6,24227
7,18544
8,14591
9,11643
10,9500
11,7954
12,6582
13,5548
14,4745
15,4268
16,3592
17,3154
18,2923
19,2596
20,2289
21,2009
22,1932
23,1701
24,1585
25,1365
26,1352
27,1207
28,1244
29,1079
30,1024
31,930
32,869
33,832
34,774
35,699
36,659
37,632
38,603
39,621
40,549
41,503
42,517
43,470
44,448
45,476
46,419
47,437
48,387
49,344
50,355
51,329
52,361
53,355
54,303
55,315
56,253
57,271
58,229
59,234
60,262
61,215
62,246
63,196
64,205
65,204
66,200
67,204
68,196
69,198
70,169
71,169
72,156
73,165
74,173
75,176
76,145
77,163
78,154
79,162
80,136
81,151
82,151
83,122
84,127
85,143
86,125
87,130
88,129
89,129
90,114
91,119
92,119
93,107
94,102
95,88
96,101
97,107
98,95
99,90
100,98
101,88
102,92
103,85
104,83
105,106
106,78
107,96
108,94
109,84
110,78
111,85
112,83
113,86
114,66
115,66
116,80
117,61
118,62
119,59
120,66
121,75
122,65
123,64
124,54
125,53
126,68
127,60
128,64
129,57
130,57
131,59
132,55
133,60
134,59
135,57
136,49
137,52
138,52
139,45
140,44
141,41
142,51
143,42
144,49
145,43
146,42
147,42
148,55
149,38
150,40
151,52
152,41
153,40
154,55
155,35
156,27
157,45
158,48
159,33
160,31
161,40
162,38
163,37
164,30
165,31
166,37
167,39
168,33
169,38
170,43
171,24
172,23
173,38
174,36
175,39
176,33
177,29
178,38
179,27
180,23
181,37
182,27
183,38
184,26
185,26
186,31
187,33
188,31
189,27
190,24
191,32
192,22
193,31
194,28
195,22
196,25
197,24
198,28
199,24
200,13
201,20
202,25
203,21
204,15
205,17
206,17
207,25
208,22
209,23
210,15
211,29
212,16
213,25
214,19
215,24
216,19
217,15
218,22
219,20
220,18
221,33
222,25
223,24
224,25
225,28
226,22
227,21
228,21
229,18
230,17
231,14
232,26
233,21
234,24
235,17
236,26
237,17
238,18
239,6
240,21
241,26
242,16
243,21
244,21
245,14
246,6
247,23
248,13
249,20
250,24
251,19
252,21
253,12
254,15
255,11
256,12
257,13
258,11
259,14
260,17
261,9
262,16
263,21
264,18
265,13
266,16
267,13
268,9
269,20
270,15
271,12
272,17
273,7
274,15
275,17
276,16
277,23
278,15
279,19
280,13
281,9
282,18
283,14
284,18
285,9
286,7
287,11
288,8
289,15
290,18
291,9
292,14
293,14
294,15
295,19
296,12
297,9
298,11
299,9
300,16
301,12
302,9
303,10
304,15
305,12
306,10
307,7
308,15
309,9
310,9
311,8
312,12
313,7
314,16
315,11
316,11
317,12
318,16
319,13
320,13
321,15
322,8
323,11
324,9
325,8
326,9
327,12
328,11
329,9
330,11
331,9
332,4
333,7
334,10
335,12
336,8
337,7
338,7
339,7
340,7
341,10
342,7
343,10
344,9
345,7
346,2
347,10
348,8
349,9
350,12
351,10
352,7
353,12
354,15
355,4
356,8
357,5
358,6
359,9
360,8
361,7
362,5
363,10
364,4
365,6
366,12
367,5
368,14
369,12
370,7
371,9
372,7
373,12
374,11
375,14
376,11
377,9
378,15
379,11
380,9
381,3
382,6
383,7
384,5
385,8
386,5
387,7
388,4
389,4
390,8
391,5
392,11
393,10
394,9
395,3
396,7
397,7
398,4
399,6
400,8
401,6
402,4
403,5
404,3
405,5
406,3
407,3
408,5
409,4
410,5
411,4
412,11
413,5
414,4
415,5
416,3
417,8
418,4
419,5
420,9
421,6
422,7
423,5
424,7
425,4
426,3
427,4
428,5
429,10
430,8
431,7
432,8
433,7
434,9
435,4
436,4
437,5
438,5
439,5
440,7
441,9
442,7
443,4
444,7
445,7
446,7
447,6
448,4
449,6
450,8
451,5
452,4
453,8
454,5
455,5
456,3
457,6
458,3
459,8
460,5
461,6
462,6
463,4
464,8
465,6
466,2
467,6
468,5
469,7
470,3
471,3
472,5
473,5
474,5
475,3
476,7
477,4
478,3
479,3
480,2
481,4
482,2
483,3
484,7
485,1
486,3
487,3
488,3
489,2
490,3
491,7
492,4
493,3
494,2
495,3
496,3
497,5
498,4
499,4
500,4
501,3
502,3
503,4
504,5
505,4
506,5
507,2
508,1
509,2
510,3
511,3
512,3
513,4
514,4
515,4
516,3
517,5
518,5
519,8
520,6
521,5
522,3
523,5
524,1
525,1
526,2
527,4
528,8
529,1
530,3
531,5
532,2
533,6
534,1
535,1
536,4
537,2
538,5
539,2
540,4
541,3
542,4
543,6
544,1
545,4
547,3
548,2
549,4
550,4
551,3
552,7
553,2
554,4
555,2
556,8
557,4
558,2
559,1
560,3
561,3
562,7
563,4
564,5
565,1
566,2
567,2
568,4
569,1
570,4
571,5
572,2
573,1
574,3
575,3
576,4
577,5
578,6
580,1
581,6
582,5
583,3
584,1
585,3
586,2
588,1
589,2
590,1
591,2
592,7
593,4
594,5
595,5
596,2
597,2
598,2
599,2
600,6
601,3
602,3
603,3
604,3
605,9
606,5
607,4
608,5
609,2
610,2
611,2
612,1
613,4
614,3
615,1
616,2
617,4
618,5
619,2
620,2
621,4
623,1
624,6
625,3
626,5
627,6
628,2
629,3
630,3
631,4
633,3
634,4
635,3
636,3
637,2
638,2
639,3
640,6
641,1
642,4
643,4
644,2
645,2
646,4
647,2
648,2
649,2
650,1
651,2
652,2
653,5
654,2
657,5
659,3
660,5
661,5
662,3
663,3
664,2
665,2
666,6
667,4
668,1
669,1
670,3
671,2
672,2
673,2
674,4
675,1
676,2
677,1
678,3
679,4
680,1
681,2
682,1
683,4
684,2
685,1
686,1
687,2
688,5
689,4
690,1
691,3
692,6
693,6
694,2
695,2
697,2
698,3
699,2
700,1
701,1
702,2
703,2
704,3
705,1
706,1
708,1
709,2
710,1
711,2
712,5
713,1
714,5
715,2
716,2
717,1
718,2
719,1
720,2
721,3
723,2
724,3
725,2
726,2
727,1
728,1
729,1
730,1
731,2
732,2
733,2
734,1
735,2
736,2
737,2
739,5
740,2
741,1
742,3
743,2
744,4
745,1
747,3
748,3
749,1
751,5
752,1
753,2
755,2
756,1
757,1
758,4
759,2
762,3
763,2
764,3
766,1
767,1
768,3
769,2
770,1
771,2
772,2
773,3
774,1
775,2
776,3
777,3
778,3
779,4
780,1
781,3
784,2
785,1
786,3
787,1
788,3
789,3
790,2
791,2
793,2
794,1
795,1
796,2
798,1
799,2
801,2
802,1
803,2
804,3
805,2
806,1
807,1
808,1
809,1
810,5
812,1
813,3
814,3
815,5
816,1
817,3
819,3
820,3
822,1
823,1
824,4
825,2
826,1
827,1
829,1
830,1
831,1
833,2
834,1
835,3
836,2
837,4
838,6
840,1
841,1
842,5
843,2
844,1
845,1
846,1
847,1
848,1
849,3
851,2
852,1
853,1
854,2
855,1
856,2
857,2
858,1
859,1
860,3
861,2
862,1
863,3
864,1
865,3
866,1
867,2
868,3
869,1
870,1
871,4
872,2
873,2
874,1
875,1
877,2
878,1
879,3
880,1
881,1
882,2
883,4
884,1
886,1
887,1
888,1
889,2
890,2
892,1
894,1
895,3
896,1
900,1
901,3
902,3
903,1
904,1
905,1
907,2
910,3
911,6
912,1
914,1
915,1
916,1
917,1
918,1
919,1
920,2
922,4
924,2
926,3
928,2
929,2
930,1
931,1
932,4
935,1
936,1
937,1
938,1
941,3
942,3
946,4
947,1
948,2
949,2
950,1
951,2
952,2
953,2
954,2
955,2
956,2
957,1
958,1
959,4
960,2
961,1
962,2
964,2
965,2
967,3
968,1
969,2
970,3
971,1
972,2
975,1
976,1
977,2
979,1
980,2
982,1
985,1
986,4
988,3
989,1
991,2
992,2
993,3
994,1
995,1
996,2
997,1
999,2
1001,1
1002,2
1005,1
1006,2
1008,2
1009,2
1012,1
1016,2
1018,1
1019,2
1022,1
1023,1
1025,3
1026,1
1027,3
1029,1
1030,1
1031,1
1033,1
1034,1
1036,1
1037,1
1039,1
1040,1
1041,1
1042,1
1043,2
1045,1
1051,2
1052,1
1053,1
1054,1
1057,2
1058,2
1059,1
1062,1
1064,1
1065,1
1067,1
1068,1
1069,1
1071,2
1072,1
1073,2
1074,3
1075,1
1077,2
1078,1
1079,2
1080,6
1081,2
1082,2
1083,2
1084,2
1085,3
1086,1
1089,2
1090,1
1091,2
1092,2
1093,5
1095,1
1097,1
1098,1
1099,1
1100,4
1104,1
1105,1
1107,1
1109,1
1110,2
1111,1
1115,1
1118,1
1119,1
1120,3
1121,2
1123,2
1124,3
1128,1
1129,2
1132,1
1135,2
1136,2
1139,1
1140,3
1141,2
1142,1
1143,2
1144,2
1146,1
1147,1
1148,1
1151,1
1153,1
1154,2
1158,2
1161,2
1163,2
1164,2
1165,1
1167,2
1168,1
1170,2
1171,1
1173,2
1175,1
1176,2
1177,2
1179,1
1182,1
1183,1
1185,1
1186,2
1190,1
1193,2
1195,2
1197,3
1198,2
1200,1
1201,1
1202,1
1203,1
1205,1
1207,2
1208,3
1209,1
1210,1
1212,2
1216,1
1221,2
1222,1
1224,1
1225,1
1234,1
1237,2
1239,1
1240,1
1241,1
1243,5
1245,2
1248,1
1250,3
1252,1
1253,1
1254,2
1256,1
1263,2
1264,1
1265,1
1266,2
1268,1
1270,1
1271,1
1274,1
1275,1
1278,1
1280,1
1281,1
1283,1
1284,1
1285,2
1287,1
1290,1
1294,2
1298,2
1299,2
1302,1
1304,2
1305,2
1306,1
1309,3
1320,1
1322,1
1324,2
1326,1
1327,2
1328,1
1331,1
1332,1
1333,1
1334,2
1335,1
1337,2
1339,2
1340,1
1341,1
1343,1
1345,1
1349,2
1351,1
1355,3
1356,1
1361,1
1362,1
1363,1
1366,1
1367,1
1368,1
1371,1
1376,1
1378,1
1381,1
1382,1
1383,1
1384,1
1387,1
1388,2
1393,1
1394,1
1395,1
1396,1
1398,1
1399,1
1401,1
1405,1
1408,1
1411,1
1414,1
1415,1
1416,1
1419,1
1422,1
1423,2
1427,1
1428,1
1430,1
1433,1
1434,1
1435,1
1440,3
1442,1
1443,1
1444,1
1445,4
1447,2
1449,1
1452,1
1456,1
1457,1
1460,1
1461,1
1462,1
1464,1
1466,1
1469,1
1480,1
1484,1
1486,1
1488,2
1489,1
1490,2
1491,1
1493,1
1495,1
1500,3
1503,3
1505,1
1506,1
1507,1
1508,1
1509,2
1512,2
1514,2
1519,2
1521,2
1522,1
1529,1
1530,1
1533,2
1534,1
1536,3
1543,1
1548,1
1549,2
1550,2
1556,1
1557,1
1559,1
1564,1
1565,1
1572,1
1576,3
1579,2
1581,1
1582,1
1583,1
1584,1
1589,1
1592,1
1594,1
1599,1
1605,1
1606,1
1611,1
1613,1
1618,1
1622,1
1623,1
1624,1
1625,2
1627,1
1630,1
1631,1
1633,1
1635,2
1638,1
1639,1
1643,1
1644,1
1645,1
1646,1
1649,1
1650,1
1652,1
1653,1
1654,1
1660,1
1661,1
1662,1
1664,1
1667,1
1673,1
1675,1
1676,2
1677,2
1678,1
1680,1
1684,1
1685,1
1689,1
1693,2
1695,1
1696,1
1697,1
1699,2
1703,1
1704,1
1712,1
1717,1
1723,1
1724,1
1725,1
1728,2
1730,1
1732,1
1735,1
1736,2
1737,1
1738,1
1739,2
1740,1
1741,1
1747,2
1748,1
1749,1
1760,1
1762,1
1763,1
1764,1
1765,2
1768,1
1769,2
1772,1
1778,1
1783,1
1785,1
1786,1
1793,1
1801,2
1805,1
1810,1
1812,1
1813,1
1816,1
1821,1
1826,1
1828,1
1834,1
1835,1
1842,1
1844,1
1849,1
1851,1
1854,3
1856,1
1865,1
1870,1
1873,1
1876,1
1878,2
1882,2
1883,1
1884,3
1886,1
1888,2
1891,1
1899,2
1901,1
1902,1
1907,2
1910,1
1913,1
1916,1
1919,1
1923,1
1925,2
1928,1
1929,1
1930,1
1934,1
1935,1
1936,1
1940,1
1946,1
1951,1
1963,1
1966,1
1972,1
1979,1
1985,2
1988,1
1990,1
1995,1
1996,1
1998,1
2003,2
2007,1
2009,1
2013,1
2018,2
2019,1
2020,1
2021,1
2022,1
2026,1
2035,1
2037,1
2039,1
2043,1
2047,2
2048,1
2051,1
2053,1
2057,2
2058,2
2059,1
2060,3
2066,1
2077,1
2079,2
2083,1
2084,1
2090,1
2096,1
2098,1
2099,1
2100,1
2105,1
2112,1
2119,2
2120,1
2121,1
2131,1
2140,1
2142,1
2150,1
2152,1
2154,1
2161,1
2162,1
2167,2
2174,2
2186,1
2191,1
2192,1
2193,1
2201,1
2209,1
2211,1
2214,1
2217,1
2219,1
2224,1
2225,1
2226,1
2229,1
2233,1
2243,1
2244,1
2250,1
2258,1
2259,1
2264,1
2266,1
2269,1
2271,1
2281,1
2289,1
2298,1
2301,1
2303,1
2304,1
2311,1
2322,1
2323,1
2333,1
2335,1
2337,1
2339,1
2349,1
2350,1
2351,1
2354,1
2355,1
2358,1
2364,1
2371,1
2383,1
2388,1
2392,1
2399,1
2400,1
2416,1
2423,1
2424,1
2425,1
2429,1
2431,1
2433,1
2434,2
2439,1
2455,1
2474,1
2482,1
2484,1
2485,1
2488,1
2498,1
2500,1
2510,1
2511,1
2512,1
2513,1
2519,2
2520,1
2522,1
2530,1
2534,1
2539,2
2542,1
2546,1
2547,1
2548,1
2552,1
2560,1
2562,1
2573,1
2576,2
2577,1
2583,1
2584,1
2603,1
2606,1
2614,1
2621,1
2622,1
2629,1
2631,1
2632,1
2640,1
2642,1
2651,1
2652,1
2659,1
2662,1
2663,1
2665,1
2679,1
2683,1
2686,1
2692,1
2702,2
2707,1
2708,1
2709,1
2721,1
2743,1
2744,1
2747,1
2755,1
2770,1
2771,1
2774,1
2781,1
2786,1
2790,1
2793,2
2794,1
2796,1
2803,1
2814,1
2824,1
2827,1
2829,1
2831,1
2832,1
2845,1
2846,1
2848,1
2866,1
2879,1
2881,1
2900,1
2905,1
2912,1
2918,1
2924,1
2934,1
2942,2
2952,1
2955,1
2971,1
2977,1
2986,1
2988,1
2992,1
2994,1
2998,1
3023,1
3038,1
3048,1
3050,1
3052,1
3053,1
3061,1
3064,1
3074,1
3079,1
3110,1
3114,1
3125,1
3135,1
3137,1
3150,1
3153,1
3174,1
3177,1
3183,1
3187,1
3191,1
3206,1
3213,1
3226,1
3238,1
3240,1
3241,1
3242,1
3244,1
3245,1
3246,1
3266,1
3281,1
3293,1
3297,2
3306,1
3312,1
3314,1
3323,1
3326,1
3331,1
3337,1
3352,1
3367,1
3369,1
3373,1
3404,1
3409,1
3411,1
3417,1
3426,1
3429,1
3438,1
3445,1
3450,1
3455,1
3468,2
3496,1
3497,1
3500,1
3503,1
3505,1
3516,1
3520,1
3529,1
3537,1
3542,1
3544,1
3549,1
3564,1
3570,2
3583,1
3608,1
3610,1
3635,1
3637,1
3654,1
3657,1
3667,1
3682,1
3683,1
3684,1
3685,1
3687,1
3706,1
3710,1
3722,2
3728,1
3736,1
3758,1
3761,1
3776,1
3804,1
3811,1
3812,1
3831,1
3836,1
3857,1
3859,1
3865,1
3870,1
3888,1
3893,1
3898,1
3901,1
3905,1
3921,1
3943,1
3949,1
3993,1
4005,1
4021,1
4022,1
4024,1
4025,1
4036,1
4041,2
4049,1
4073,1
4115,1
4122,1
4146,1
4161,1
4218,1
4223,1
4243,1
4258,1
4259,1
4272,1
4295,1
4301,1
4311,1
4313,1
4318,1
4329,1
4347,1
4348,1
4358,2
4384,1
4399,1
4428,1
4434,1
4443,1
4447,1
4459,1
4479,1
4503,1
4516,1
4534,1
4552,1
4573,1
4605,1
4620,1
4629,1
4664,1
4686,1
4691,1
4762,2
4793,1
4835,1
4840,1
4854,1
4859,1
4891,1
4903,1
4926,1
4952,1
4959,1
4972,1
4981,1
5012,1
5015,1
5020,1
5036,1
5042,1
5048,1
5082,1
5086,1
5091,1
5108,1
5118,1
5143,1
5190,1
5205,1
5246,1
5353,1
5355,1
5366,1
5390,1
5401,1
5431,1
5441,1
5458,1
5473,1
5691,1
5715,1
5724,1
5728,1
5758,1
5789,1
5817,1
5898,1
5906,1
5907,1
5915,1
5930,1
5950,1
5951,1
5968,1
5982,1
5995,1
6035,1
6073,1
6099,1
6152,1
6175,1
6176,1
6209,1
6297,1
6316,1
6323,1
6331,1
6362,1
6388,1
6428,1
6518,1
6554,1
6609,1
6632,1
6641,1
6681,1
6690,1
6767,1
6785,1
6795,1
6806,1
6813,1
6864,1
6909,1
6919,1
6934,1
7001,1
7006,1
7039,1
7082,1
7086,1
7126,1
7146,1
7155,1
7252,1
7360,1
7388,1
7393,1
7445,1
7516,1
7553,1
7733,1
7760,1
7808,1
7823,1
7908,1
7926,1
7962,1
8020,1
8030,1
8192,1
8435,1
8440,1
8667,1
8892,1
8975,1
9133,1
9142,1
9191,1
9283,1
9306,1
9364,1
9425,1
9480,1
9527,1
9579,1
9666,1
9686,1
9975,1
10142,1
10149,1
10164,1
10354,1
10604,1
10656,1
10728,1
10752,1
10757,1
10798,1
10911,1
10938,1
11047,1
11173,1
11375,1
11482,1
11811,1
11859,1
11972,1
12244,1
12266,1
12458,1
13087,1
13399,1
13412,1
13573,1
13629,1
13642,1
13748,1
13749,1
14589,1
14648,1
14911,1
14949,1
15095,1
15268,1
16531,1
16585,1
16781,1
17365,1
17970,1
17989,1
18024,1
18118,1
18270,1
19081,1
19250,1
19548,1
19836,1
20343,1
20908,1
20960,1
20987,1
21129,1
21268,1
21850,1
22138,1
23566,1
24360,1
24608,1
26647,1
27576,1
27639,1
30932,1
34594,1
36930,1
39663,1
39916,1
39983,1
40955,1
42100,1
43687,1
50382,1
52493,1
58729,1
60194,1
63314,1
73338,1
75627,1
77358,1
78710,1
85721,1
86007,1
90958,1
134742,1
136021,1
152843,1
