run_id,year,mean_size,n_firms
1,2000,9.0394,30518
1,2001,9.06,30175
1,2002,9.0434,28456
1,2003,9.1121,29196
1,2004,9.1128,30492
1,2005,9.1015,32620
1,2006,9.079,34413
1,2007,9.0756,35034
1,2008,9.0974,34357
1,2009,9.1692,34850
1,2010,9.2037,33631
1,2011,9.173,32544
1,2012,9.1695,31469
1,2013,9.2113,30908
1,2014,9.2631,29623
1,2015,9.2779,29492
1,2016,9.2971,29769
1,2017,9.219,31270
1,2018,9.2159,32413
1,2019,9.2667,35405
1,2020,9.3138,38869
1,2021,9.2902,43045
1,2022,9.3796,46141
1,2023,9.4435,48631
1,2024,9.5322,50560
1,2025,9.643,54445
1,2026,9.6471,57915
1,2027,9.632,62831
1,2028,9.6862,68166
1,2029,9.6449,72257
1,2030,9.6966,77272
1,2031,9.7146,79288
1,2032,9.8211,80349
1,2033,9.7899,81650
1,2034,9.8127,79967
1,2035,9.8817,78150
1,2036,9.8627,80211
1,2037,9.8998,82749
1,2038,9.8674,78978
1,2039,9.9553,77171
1,2040,10.0325,76322
1,2041,9.984,78057
1,2042,9.9445,78114
1,2043,9.9435,76057
1,2044,9.9641,74622
1,2045,9.9345,71633
1,2046,9.9664,70571
1,2047,9.9655,68074
1,2048,10.0103,67297
1,2049,10.0413,65216
1,2050,10.0551,63862
1,2051,10.1094,64042
1,2052,10.1315,61698
1,2053,10.0906,60145
1,2054,10.028,58177
1,2055,10.0775,56666
1,2056,9.9682,57122
1,2057,9.9775,56500
1,2058,9.966,54048
1,2059,9.9233,51820
1,2060,9.9367,49412
1,2061,9.9783,47466
1,2062,10.0306,46806
1,2063,10.1043,46103
1,2064,10.1198,45485
1,2065,10.0729,48518
1,2066,10.0311,53234
1,2067,10.0508,57477
1,2068,9.9941,62758
1,2069,10.0038,67432
1,2070,10.0146,70144
1,2071,10.0811,72869
1,2072,10.1779,73355
1,2073,10.2237,77658
1,2074,10.3261,78720
1,2075,10.2729,81841
1,2076,10.2916,83054
1,2077,10.2994,83039
1,2078,10.2581,85352
1,2079,10.1932,87184
1,2080,10.2609,86816
1,2081,10.3367,83719
1,2082,10.3977,82880
1,2083,10.3934,79804
1,2084,10.362,79067
1,2085,10.382,77340
1,2086,10.3665,74758
1,2087,10.4011,73402
1,2088,10.4422,70417
1,2089,10.441,68698
1,2090,10.2441,67865
1,2091,10.2386,66836
1,2092,10.2808,65540
1,2093,10.2677,63744
1,2094,10.1689,61797
1,2095,10.0724,55724
1,2096,10.1217,54413
1,2097,10.2526,54094
1,2098,10.2918,53464
1,2099,10.2539,51470
1,2100,10.2454,50808
1,2101,10.2563,50602
1,2102,10.1905,50479
1,2103,10.139,46326
1,2104,10.1646,46083
1,2105,10.2428,45719
1,2106,10.1704,45295
1,2107,10.1861,44436
1,2108,10.1731,44079
1,2109,10.0713,42553
1,2110,9.9224,36489
1,2111,9.8692,35681
1,2112,9.9756,35048
1,2113,10.0578,34944
1,2114,10.0599,34451
1,2115,9.9536,31474
1,2116,9.9027,29904
1,2117,9.9899,29564
1,2118,9.9496,29451
1,2119,9.8431,25470
1,2120,9.7624,25155
1,2121,9.7886,24861
1,2122,9.7307,24047
1,2123,9.7153,22669
1,2124,9.6189,21640
1,2125,9.6333,20984
1,2126,9.5704,20511
1,2127,9.584,20501
1,2128,9.6224,20415
1,2129,9.5736,20410
1,2130,9.5107,19937
1,2131,9.6206,21616
1,2132,9.5501,23558
1,2133,9.6094,25234
1,2134,9.6002,27646
1,2135,9.5074,30581
1,2136,9.5291,31999
1,2137,9.5645,34317
1,2138,9.5387,36276
1,2139,9.4197,39553
1,2140,9.491,41256
1,2141,9.451,44231
1,2142,9.4477,45711
1,2143,9.4445,45847
1,2144,9.4719,47232
1,2145,9.3849,49630
1,2146,9.4025,48617
1,2147,9.3883,49016
1,2148,9.4361,49942
1,2149,9.4382,49197
1,2150,9.4931,48617
1,2151,9.4793,48226
1,2152,9.4928,52217
1,2153,9.5189,58078
1,2154,9.5139,64382
1,2155,9.4826,71150
1,2156,9.461,78514
1,2157,9.5497,83376
1,2158,9.4998,91292
1,2159,9.477,98806
1,2160,9.5142,104636
1,2161,9.4594,112594
1,2162,9.5258,121732
1,2163,9.5459,126638
1,2164,9.5986,131530
1,2165,9.5708,138667
1,2166,9.6209,138740
1,2167,9.6317,147847
1,2168,9.6711,147048
1,2169,9.6524,152362
1,2170,9.6969,152160
1,2171,9.6671,157034
1,2172,9.6425,163822
1,2173,9.6807,160554
1,2174,9.6214,168004
1,2175,9.606,165567
1,2176,9.5958,160467
1,2177,9.5896,156632
1,2178,9.5221,153625
1,2179,9.5098,146450
1,2180,9.4801,145518
1,2181,9.528,142305
1,2182,9.4958,137699
1,2183,9.506,136626
1,2184,9.4197,129925
1,2185,9.3678,127210
1,2186,9.2884,123506
1,2187,9.2095,122298
1,2188,9.1545,115820
1,2189,9.2174,113907
1,2190,9.158,105338
1,2191,9.1086,98929
1,2192,9.1156,94060
1,2193,8.9852,87409
1,2194,8.9467,83571
1,2195,8.9379,79592
1,2196,8.9919,78362
1,2197,8.9136,72170
1,2198,8.9816,70983
1,2199,9.0242,70268
1,2200,9.1063,69703
1,2201,9.0913,63299
1,2202,9.0129,61009
1,2203,8.9216,53741
1,2204,8.897,51942
1,2205,8.9708,50901
1,2206,8.9462,49921
1,2207,8.9903,49770
1,2208,8.9933,49342
1,2209,8.9596,51636
1,2210,9.0798,51664
1,2211,9.0165,53653
1,2212,8.9518,56002
1,2213,8.9874,55622
1,2214,8.966,56995
1,2215,9.0142,59337
1,2216,9.0505,61121
1,2217,9.131,59533
1,2218,9.1918,60330
1,2219,9.1221,60564
1,2220,9.183,60524
1,2221,9.2108,59666
1,2222,9.3025,58978
1,2223,9.3334,57154
1,2224,9.3616,56364
1,2225,9.3746,53825
1,2226,9.3467,55430
1,2227,9.3529,56345
1,2228,9.4327,55341
1,2229,9.4463,55412
1,2230,9.4261,53460
1,2231,9.3956,52736
1,2232,9.4585,50892
1,2233,9.4895,49830
1,2234,9.4707,47709
1,2235,9.4681,46983
1,2236,9.478,44912
1,2237,9.5538,44208
1,2238,9.5063,44522
1,2239,9.5261,44085
1,2240,9.5253,42622
1,2241,9.5279,41088
1,2242,9.5352,39057
1,2243,9.6032,39570
1,2244,9.6294,43987
1,2245,9.6008,48074
1,2246,9.5832,51986
1,2247,9.6066,57364
1,2248,9.6891,62372
1,2249,9.6441,68086
1,2250,9.6083,73814
1,2251,9.6995,76610
1,2252,9.674,79013
1,2253,9.6723,82363
1,2254,9.6486,86117
1,2255,9.7179,86694
1,2256,9.6901,88740
1,2257,9.6337,92709
1,2258,9.6739,90528
1,2259,9.7486,89931
1,2260,9.8196,92764
1,2261,9.8596,90661
1,2262,9.8445,88790
1,2263,9.7432,90943
1,2264,9.7358,90388
1,2265,9.7194,88679
1,2266,9.8107,87273
1,2267,9.7651,89224
1,2268,9.737,88863
1,2269,9.8513,89245
1,2270,9.839,87650
1,2271,9.8778,86575
1,2272,9.8641,81877
1,2273,9.9099,79488
1,2274,9.9864,79056
1,2275,10.0165,77640
1,2276,9.9935,72910
1,2277,10.0786,72954
1,2278,10.1525,71167
1,2279,10.1537,68859
1,2280,10.0615,62098
1,2281,9.9716,60544
1,2282,10.0104,59632
1,2283,9.956,59247
1,2284,9.9527,58676
1,2285,9.82,56468
1,2286,9.8201,55788
1,2287,9.7973,54185
1,2288,9.7896,53670
1,2289,9.7887,51871
1,2290,9.8601,51555
1,2291,9.8674,51412
1,2292,9.9598,50907
1,2293,10.052,50801
1,2294,10.0339,48266
1,2295,9.9715,46414
1,2296,9.9492,46144
1,2297,9.9595,46105
1,2298,9.9758,43984
1,2299,9.8529,36804
1,2300,10.0081,36717
1,2301,10.0213,36555
1,2302,9.9163,35764
1,2303,9.8223,31964
1,2304,9.7924,31897
1,2305,9.652,31267
1,2306,9.5582,30129
1,2307,9.531,30019
1,2308,9.6068,29946
1,2309,9.4974,28047
1,2310,9.5194,27266
1,2311,9.5787,27122
1,2312,9.5291,26930
1,2313,9.3856,22879
1,2314,9.3768,22765
1,2315,9.3205,22727
1,2316,9.3297,22360
1,2317,9.3615,23418
1,2318,9.3629,24331
1,2319,9.3334,26380
1,2320,9.2147,28642
1,2321,9.172,31050
1,2322,9.1817,32776
1,2323,9.1987,34427
1,2324,9.1867,35688
1,2325,9.1908,36165
1,2326,9.2633,35554
1,2327,9.3401,35304
1,2328,9.3326,36321
1,2329,9.3446,37109
1,2330,9.3458,39785
1,2331,9.3239,44509
1,2332,9.2888,49836
1,2333,9.2926,55393
1,2334,9.3585,61847
1,2335,9.4274,66877
1,2336,9.43,74090
1,2337,9.4935,80363
1,2338,9.4814,87185
1,2339,9.5281,94313
1,2340,9.5869,101362
1,2341,9.6219,107747
1,2342,9.599,118147
1,2343,9.6472,128021
1,2344,9.6701,133685
1,2345,9.6509,144070
1,2346,9.6033,154736
1,2347,9.5626,164587
1,2348,9.6245,168139
1,2349,9.7418,171850
1,2350,9.8282,173088
1,2351,9.8843,172522
1,2352,9.8959,180558
1,2353,9.9135,184941
1,2354,9.9696,186835
1,2355,9.9697,183422
1,2356,10.0518,180791
1,2357,10.0828,187342
1,2358,10.0702,188072
1,2359,10.1962,184544
1,2360,10.2407,188141
1,2361,10.1985,180510
1,2362,10.2193,183136
1,2363,10.1732,176516
1,2364,10.1886,175500
1,2365,10.1578,170266
1,2366,10.2109,172604
1,2367,10.2222,167717
1,2368,10.2046,162426
1,2369,10.1247,153184
1,2370,10.103,148700
1,2371,10.2049,147555
1,2372,10.1098,136698
1,2373,10.0566,126465
1,2374,10.0324,124233
1,2375,10.011,121942
1,2376,10.0491,119287
1,2377,10.0645,116977
1,2378,10.1298,116762
1,2379,10.1505,111473
1,2380,10.1365,104207
1,2381,10.0567,96862
1,2382,10.118,96072
1,2383,10.1324,90473
1,2384,10.0478,78612
1,2385,9.9433,81378
1,2386,9.9639,87857
1,2387,9.9918,92638
1,2388,10.0321,94370
1,2389,9.9687,100835
1,2390,9.946,104109
1,2391,9.9935,112450
1,2392,9.9902,119552
1,2393,10.0185,126122
1,2394,10.02,133679
1,2395,10.0423,141424
1,2396,10.1136,142627
1,2397,10.1449,146760
1,2398,10.2331,146062
1,2399,10.2704,143503
1,2400,10.2686,142106
1,2401,10.3368,141053
1,2402,10.3502,137730
1,2403,10.3936,135700
1,2404,10.375,130342
1,2405,10.3692,127889
1,2406,10.3705,123857
1,2407,10.4503,123238
1,2408,10.5265,121818
1,2409,10.5011,120964
1,2410,10.5213,116325
1,2411,10.5259,112686
1,2412,10.5752,107548
1,2413,10.5773,106137
1,2414,10.4485,103068
1,2415,10.369,96506
1,2416,10.3702,93162
1,2417,10.3463,89193
1,2418,10.24,89282
1,2419,10.1295,83899
1,2420,10.1925,82558
1,2421,10.1321,78062
1,2422,10.0819,73823
1,2423,10.0937,72449
1,2424,10.1573,72635
1,2425,10.2236,71387
1,2426,10.1773,70434
1,2427,10.1158,65334
1,2428,10.2474,64462
1,2429,10.3563,64008
1,2430,10.3296,56544
1,2431,10.3677,56091
1,2432,10.3841,55383
1,2433,10.3665,54930
1,2434,10.421,52517
1,2435,10.3936,49091
1,2436,10.4541,45234
1,2437,10.5064,45132
1,2438,10.4187,38471
1,2439,10.4421,37440
1,2440,10.4688,38568
1,2441,10.4847,39971
1,2442,10.4632,41942
1,2443,10.4997,42496
1,2444,10.4351,43974
1,2445,10.4381,45412
1,2446,10.3588,47387
1,2447,10.2691,49380
1,2448,10.3102,50172
1,2449,10.2874,48134
1,2450,10.3602,48537
1,2451,10.4461,49727
1,2452,10.5105,55753
1,2453,10.564,61446
1,2454,10.6064,68401
1,2455,10.6654,74601
1,2456,10.5945,83087
1,2457,10.6316,91374
1,2458,10.7099,96656
1,2459,10.7876,103978
1,2460,10.7805,113899
1,2461,10.7227,125288
1,2462,10.6844,138098
1,2463,10.7221,147803
1,2464,10.8954,152166
1,2465,10.9759,159624
1,2466,11.0804,166317
1,2467,11.0994,170267
1,2468,11.1547,170642
1,2469,11.1904,170056
1,2470,11.1779,180578
1,2471,11.2408,191307
1,2472,11.3557,192740
1,2473,11.395,203061
1,2474,11.4119,213564
1,2475,11.4459,225602
1,2476,11.595,225241
1,2477,11.5516,231027
1,2478,11.6713,241439
1,2479,11.731,244918
1,2480,11.7488,254775
1,2481,11.9206,254484
1,2482,12.0607,252791
1,2483,12.0958,253467
1,2484,12.1936,248200
1,2485,12.1706,252471
1,2486,12.2563,247951
1,2487,12.3346,243297
1,2488,12.4932,238863
1,2489,12.3851,228398
1,2490,12.304,216328
1,2491,12.3186,219963
1,2492,12.3259,216466
1,2493,12.4002,212322
1,2494,12.4828,206768
1,2495,12.6509,205470
1,2496,12.6736,202229
1,2497,12.8138,201608
1,2498,12.8688,197122
1,2499,12.8245,186622
1,2500,12.8761,185305
