run_id,year,total_firms,entries,exits
1,2000,132752,989,1729
1,2001,132451,2637,2938
1,2002,132694,2273,2030
1,2003,131693,769,1770
1,2004,131683,1338,1348
1,2005,131847,2870,2706
1,2006,132173,2527,2201
1,2007,132223,1699,1649
1,2008,131906,940,1257
1,2009,130873,1701,2734
1,2010,130383,722,1212
1,2011,130818,1401,966
1,2012,130869,1450,1399
1,2013,130275,542,1136
1,2014,129546,1202,1931
1,2015,129339,2179,2386
1,2016,129072,1893,2160
1,2017,130166,2444,1350
1,2018,130210,2084,2040
1,2019,129496,2835,3549
1,2020,128841,1406,2061
1,2021,129169,2490,2162
1,2022,127937,1041,2273
1,2023,127072,693,1558
1,2024,125889,397,1580
1,2025,124442,1584,3031
1,2026,124390,1236,1288
1,2027,124585,2272,2077
1,2028,123887,2602,3300
1,2029,124418,1832,1301
1,2030,123755,2198,2861
1,2031,123525,1207,1437
1,2032,122186,1115,2454
1,2033,122575,1564,1175
1,2034,122291,988,1272
1,2035,121436,419,1274
1,2036,121670,2054,1820
1,2037,121214,2373,2829
1,2038,121612,1315,917
1,2039,120539,459,1532
1,2040,119611,1752,2680
1,2041,120192,2551,1970
1,2042,120670,2307,1829
1,2043,120682,941,929
1,2044,120432,1301,1551
1,2045,120791,1984,1625
1,2046,120405,654,1040
1,2047,120415,1438,1428
1,2048,119876,2435,2974
1,2049,119507,1809,2178
1,2050,119342,948,1113
1,2051,118701,2567,3208
1,2052,118442,1096,1355
1,2053,118923,2062,1581
1,2054,119665,2216,1474
1,2055,119077,1128,1716
1,2056,120383,2899,1593
1,2057,120271,2552,2664
1,2058,120410,1480,1341
1,2059,120928,2384,1866
1,2060,120765,1422,1585
1,2061,120261,1561,2065
1,2062,119634,1331,1958
1,2063,118761,1091,1964
1,2064,118580,1171,1352
1,2065,119132,2848,2296
1,2066,119628,2632,2136
1,2067,119394,1823,2057
1,2068,120071,2419,1742
1,2069,119954,2291,2408
1,2070,119825,1168,1297
1,2071,119035,1441,2231
1,2072,117903,741,1873
1,2073,117374,2474,3003
1,2074,116210,1040,2204
1,2075,116812,1967,1365
1,2076,116600,1441,1653
1,2077,116512,1499,1587
1,2078,116981,2180,1711
1,2079,117725,2415,1671
1,2080,116949,1277,2053
1,2081,116091,1021,1879
1,2082,115410,1694,2375
1,2083,115458,1074,1026
1,2084,115808,2011,1661
1,2085,115585,1122,1345
1,2086,115758,2104,1931
1,2087,115372,1071,1457
1,2088,114918,1236,1690
1,2089,114932,2320,2306
1,2090,117141,3112,903
1,2091,117203,2004,1942
1,2092,116723,1111,1591
1,2093,116871,1389,1241
1,2094,118007,2744,1608
1,2095,119137,2438,1308
1,2096,118557,1104,1684
1,2097,117044,349,1862
1,2098,116598,872,1318
1,2099,117029,2292,1861
1,2100,117126,1345,1248
1,2101,117001,733,858
1,2102,117757,2152,1396
1,2103,118355,2289,1691
1,2104,118057,898,1196
1,2105,117156,1078,1979
1,2106,117989,1679,846
1,2107,117808,1711,1892
1,2108,117958,1259,1109
1,2109,119150,2284,1092
1,2110,120939,3166,1377
1,2111,121590,1961,1310
1,2112,120294,630,1926
1,2113,119310,396,1380
1,2114,119286,1872,1896
1,2115,120559,2982,1709
1,2116,121179,1998,1378
1,2117,120121,916,1974
1,2118,120608,1688,1201
1,2119,121913,2515,1210
1,2120,122920,3107,2100
1,2121,122591,1327,1656
1,2122,123321,2642,1912
1,2123,123517,1766,1570
1,2124,124754,2250,1013
1,2125,124568,1441,1627
1,2126,125387,2297,1478
1,2127,125209,1092,1270
1,2128,124709,3032,3532
1,2129,125345,1650,1014
1,2130,126174,2942,2113
1,2131,124732,669,2111
1,2132,125653,2188,1267
1,2133,124878,837,1612
1,2134,124998,1798,1678
1,2135,126218,2708,1488
1,2136,125930,1071,1359
1,2137,125464,1637,2103
1,2138,125803,1485,1146
1,2139,127392,3380,1791
1,2140,126436,974,1930
1,2141,126971,2208,1673
1,2142,127015,1285,1241
1,2143,127058,1188,1145
1,2144,126691,1620,1987
1,2145,127865,2562,1388
1,2146,127626,1078,1317
1,2147,127818,1771,1579
1,2148,127171,1850,2497
1,2149,127143,1505,1533
1,2150,126407,1744,2480
1,2151,126592,1252,1067
1,2152,126412,902,1082
1,2153,126065,3127,3474
1,2154,126131,2130,2064
1,2155,126547,2360,1944
1,2156,126836,2314,2025
1,2157,125658,589,1767
1,2158,126319,2122,1461
1,2159,126623,1582,1278
1,2160,126127,1122,1618
1,2161,126858,2041,1310
1,2162,125974,2538,3422
1,2163,125708,1248,1514
1,2164,125018,1021,1711
1,2165,125382,2155,1791
1,2166,124728,419,1073
1,2167,124589,2076,2215
1,2168,124081,375,883
1,2169,124321,1490,1250
1,2170,123751,717,1287
1,2171,124132,1943,1562
1,2172,124449,2246,1929
1,2173,123958,664,1155
1,2174,124722,2842,2078
1,2175,124922,1546,1346
1,2176,125055,1291,1158
1,2177,125136,1654,1573
1,2178,126023,2016,1129
1,2179,126186,1375,1212
1,2180,126581,2470,2075
1,2181,125945,593,1229
1,2182,126372,1727,1300
1,2183,126236,2332,2468
1,2184,127392,2253,1097
1,2185,128098,2647,1941
1,2186,129194,2932,1836
1,2187,130300,3152,2046
1,2188,131083,2794,2011
1,2189,130189,951,1845
1,2190,131033,2688,1844
1,2191,131744,2335,1624
1,2192,131642,1799,1901
1,2193,133553,3316,1405
1,2194,134127,2013,1439
1,2195,134259,1639,1507
1,2196,133453,1284,2090
1,2197,134625,2493,1321
1,2198,133607,718,1736
1,2199,132976,1113,1744
1,2200,131777,834,2033
1,2201,131994,2594,2377
1,2202,133143,2287,1138
1,2203,134505,2672,1310
1,2204,134877,2456,2084
1,2205,133767,640,1750
1,2206,134135,2112,1744
1,2207,133477,880,1538
1,2208,133433,1822,1866
1,2209,133935,3059,2557
1,2210,132162,580,2353
1,2211,133090,2277,1349
1,2212,134051,2656,1695
1,2213,133521,1363,1893
1,2214,133839,2577,2259
1,2215,133124,2845,3560
1,2216,132590,2659,3193
1,2217,131420,876,2046
1,2218,130551,2256,3125
1,2219,131549,2414,1416
1,2220,130676,1586,2459
1,2221,130282,1946,2340
1,2222,128997,295,1580
1,2223,128570,1757,2184
1,2224,128183,728,1115
1,2225,128005,1303,1481
1,2226,128387,2197,1815
1,2227,128303,1804,1888
1,2228,127217,597,1683
1,2229,127034,1648,1831
1,2230,127306,1467,1195
1,2231,127719,1949,1536
1,2232,126870,812,1661
1,2233,126455,750,1165
1,2234,126706,1028,777
1,2235,126741,1646,1611
1,2236,126609,1639,1771
1,2237,125604,340,1345
1,2238,126232,2671,2043
1,2239,125970,2403,2665
1,2240,125980,2182,2172
1,2241,125946,1658,1692
1,2242,125850,2107,2203
1,2243,124958,1125,2017
1,2244,124618,3086,3426
1,2245,124990,1419,1047
1,2246,125219,1122,893
1,2247,124914,2234,2539
1,2248,123851,1784,2847
1,2249,124429,2203,1625
1,2250,124892,2070,1607
1,2251,123718,673,1847
1,2252,124044,1266,940
1,2253,124065,1511,1490
1,2254,124370,1822,1517
1,2255,123483,944,1831
1,2256,123838,1561,1206
1,2257,124563,2413,1688
1,2258,124045,727,1245
1,2259,123095,767,1717
1,2260,122204,2451,3342
1,2261,121709,383,878
1,2262,121895,904,718
1,2263,123163,2659,1391
1,2264,123257,1931,1837
1,2265,123464,1143,936
1,2266,122315,1074,2223
1,2267,122886,2803,2232
1,2268,123241,2574,2219
1,2269,121811,2479,3909
1,2270,121964,1642,1489
1,2271,121485,1615,2094
1,2272,121653,1816,1648
1,2273,121091,1168,1730
1,2274,120164,234,1161
1,2275,119802,1033,1395
1,2276,120078,1573,1297
1,2277,119064,1638,2652
1,2278,118198,1270,2136
1,2279,118183,1765,1780
1,2280,119266,2245,1162
1,2281,120342,1720,644
1,2282,119875,1100,1567
1,2283,120530,1297,642
1,2284,120570,1149,1109
1,2285,122199,3031,1402
1,2286,122198,1368,1369
1,2287,122483,1406,1121
1,2288,122579,1417,1321
1,2289,122590,2694,2683
1,2290,121703,2021,2908
1,2291,121612,854,945
1,2292,120484,832,1960
1,2293,119379,413,1518
1,2294,119594,2275,2060
1,2295,120343,2172,1423
1,2296,120613,1404,1134
1,2297,120488,669,794
1,2298,120291,2150,2347
1,2299,121791,3138,1638
1,2300,119903,1016,2904
1,2301,119745,1196,1354
1,2302,121013,2251,983
1,2303,122171,2919,1761
1,2304,122544,1521,1148
1,2305,124327,2925,1142
1,2306,125547,3609,2389
1,2307,125905,1612,1254
1,2308,124911,1633,2627
1,2309,126351,2850,1410
1,2310,126059,1614,1906
1,2311,125278,729,1510
1,2312,125930,1900,1248
1,2313,127855,3438,1513
1,2314,127976,1723,1602
1,2315,128748,1835,1063
1,2316,128621,2177,2304
1,2317,128184,1329,1766
1,2318,128165,961,980
1,2319,128570,3013,2608
1,2320,130227,2932,1275
1,2321,130833,2783,2177
1,2322,130695,1761,1899
1,2323,130453,1859,2101
1,2324,130623,1987,1817
1,2325,130566,1327,1384
1,2326,129543,436,1459
1,2327,128478,426,1491
1,2328,128581,1950,1847
1,2329,128416,2089,2254
1,2330,128400,2236,2252
1,2331,128701,1898,1597
1,2332,129188,3008,2521
1,2333,129135,1647,1700
1,2334,128226,1441,2350
1,2335,127288,587,1525
1,2336,127254,2290,2324
1,2337,126402,1006,1858
1,2338,126564,1376,1214
1,2339,125943,1647,2268
1,2340,125171,1258,2030
1,2341,124715,963,1419
1,2342,125013,2625,2327
1,2343,124389,1760,2384
1,2344,124094,966,1261
1,2345,124341,1905,1658
1,2346,124957,2210,1594
1,2347,125489,1928,1396
1,2348,124682,856,1663
1,2349,123181,753,2254
1,2350,122098,399,1482
1,2351,121405,466,1159
1,2352,121262,1838,1981
1,2353,121047,1338,1553
1,2354,120366,1288,1969
1,2355,120365,954,955
1,2356,119382,656,1639
1,2357,119015,2388,2755
1,2358,119164,1749,1600
1,2359,117691,403,1876
1,2360,117179,2061,2573
1,2361,117664,1662,1177
1,2362,117425,2381,2620
1,2363,117957,1898,1366
1,2364,117779,2118,2296
1,2365,118136,1452,1095
1,2366,117522,2637,3251
1,2367,117391,2203,2334
1,2368,117594,2077,1874
1,2369,118522,1831,903
1,2370,118777,1923,1668
1,2371,117590,1251,2438
1,2372,118697,2473,1366
1,2373,119325,2380,1752
1,2374,119612,1313,1026
1,2375,119868,1402,1146
1,2376,119414,1007,1461
1,2377,119231,2806,2989
1,2378,118462,290,1059
1,2379,118221,1722,1963
1,2380,118384,2032,1869
1,2381,119324,2250,1310
1,2382,118600,844,1568
1,2383,118432,1378,1546
1,2384,119429,2643,1646
1,2385,120684,2573,1318
1,2386,120435,2302,2551
1,2387,120098,1228,1565
1,2388,119616,653,1135
1,2389,120377,1852,1091
1,2390,120651,1183,909
1,2391,120078,2710,3283
1,2392,120118,1942,1902
1,2393,119779,1780,2119
1,2394,119761,2091,2109
1,2395,119495,2204,2470
1,2396,118652,1120,1963
1,2397,118286,1877,2243
1,2398,117267,807,1826
1,2399,116841,976,1402
1,2400,116861,1313,1293
1,2401,116090,1441,2212
1,2402,115940,1421,1571
1,2403,115456,1545,2029
1,2404,115663,1664,1457
1,2405,115727,1670,1606
1,2406,115713,829,843
1,2407,114829,1150,2034
1,2408,113998,581,1412
1,2409,114274,2198,1922
1,2410,114054,1175,1395
1,2411,114004,1039,1089
1,2412,113473,1824,2355
1,2413,113450,712,735
1,2414,114849,2813,1414
1,2415,115730,2092,1211
1,2416,115716,2315,2329
1,2417,115984,2147,1879
1,2418,117188,3205,2001
1,2419,118466,2852,1574
1,2420,117734,996,1728
1,2421,118435,2221,1520
1,2422,119025,1629,1039
1,2423,118886,1369,1508
1,2424,118142,2927,3671
1,2425,117375,1142,1909
1,2426,117909,1629,1095
1,2427,118626,2428,1711
1,2428,117103,1012,2535
1,2429,115872,955,2186
1,2430,116171,2452,2153
1,2431,115744,908,1335
1,2432,115561,1191,1374
1,2433,115758,1177,980
1,2434,115152,1575,2181
1,2435,115456,2024,1720
1,2436,114788,2664,3332
1,2437,114216,930,1502
1,2438,115177,2630,1669
1,2439,114919,1450,1708
1,2440,114626,1400,1693
1,2441,114453,1420,1593
1,2442,114688,1822,1587
1,2443,114289,1258,1657
1,2444,114997,1880,1172
1,2445,114964,1799,1832
1,2446,115844,2544,1664
1,2447,116855,2707,1696
1,2448,116390,2110,2575
1,2449,116648,1252,994
1,2450,115828,1891,2711
1,2451,114875,753,1706
1,2452,114172,1337,2040
1,2453,113593,522,1101
1,2454,113139,1193,1647
1,2455,112513,689,1315
1,2456,113266,2300,1547
1,2457,112871,1049,1444
1,2458,112046,196,1021
1,2459,111239,561,1368
1,2460,111312,1512,1439
1,2461,111912,1912,1312
1,2462,112313,2770,2369
1,2463,111918,1097,1492
1,2464,110138,183,1963
1,2465,109330,674,1482
1,2466,108299,500,1531
1,2467,108114,624,809
1,2468,107578,312,848
1,2469,107235,456,799
1,2470,107355,1983,1863
1,2471,106754,1587,2188
1,2472,105674,422,1502
1,2473,105309,1820,2185
1,2474,105153,1998,2154
1,2475,104841,2074,2386
1,2476,103493,417,1765
1,2477,103882,1630,1241
1,2478,102816,2069,3135
1,2479,102293,1325,1848
1,2480,102138,2267,2422
1,2481,100666,767,2239
1,2482,99497,856,2025
1,2483,99208,1515,1804
1,2484,98412,505,1301
1,2485,98598,2249,2063
1,2486,97909,558,1247
1,2487,97287,552,1174
1,2488,96052,438,1673
1,2489,96891,1710,871
1,2490,97529,1486,848
1,2491,97414,2388,2503
1,2492,97356,706,764
1,2493,96773,1049,1632
1,2494,96132,1427,2068
1,2495,94855,789,2066
1,2496,94685,809,979
1,2497,93649,712,1748
1,2498,93249,1349,1749
1,2499,93571,1592,1270
1,2500,93196,559,934
